Date,Open,High,Low,Close,Volume
May 21 2015,21.4,21.84,21.4,21.58,82428000
May 22 2015,21.58,21.62,21.38,21.38,40412000
May 26 2015,21.31,21.35,21.1,21.27,44884000
May 27 2015,21.37,21.59,21.25,21.57,44622000
May 28 2015,21.49,21.57,21.27,21.33,38248000
May 29 2015,21.36,21.63,21.36,21.46,60322000
Jun 01 2015,21.52,21.66,21.31,21.55,45066000
Jun 02 2015,21.5,21.66,21.31,21.55,33378000
Jun 03 2015,21.72,21.92,21.64,21.83,54558000
Jun 04 2015,21.72,21.84,21.46,21.54,50216000
Jun 05 2015,21.48,21.54,21.33,21.35,38158000
Jun 08 2015,21.28,21.34,21.07,21.17,43450000
Jun 09 2015,21.15,21.37,20.96,21.27,45774000
Jun 10 2015,21.32,21.61,21.28,21.54,43446000
Jun 11 2015,21.61,21.94,21.57,21.65,58450000
Jun 12 2015,21.56,21.62,21.41,21.5,41088000
Jun 15 2015,21.38,21.4,21.13,21.18,41020000
Jun 16 2015,21.21,21.4,21.13,21.36,45928000
Jun 17 2015,21.42,21.57,21.24,21.39,43718000
Jun 18 2015,21.51,21.99,21.47,21.97,67568000
Jun 19 2015,22.01,22.25,21.66,21.75,89902000
Jun 22 2015,21.85,21.96,21.71,21.81,36472000
Jun 23 2015,21.78,22.35,21.68,22.3,64900000
Jun 24 2015,22.25,22.32,22.01,22.04,52416000
Jun 25 2015,21.9,22.17,21.82,22.0,44750000
Jun 26 2015,22.09,22.17,21.75,21.91,52490000
Jun 29 2015,21.75,21.85,21.45,21.49,55064000
Jun 30 2015,21.71,21.78,21.52,21.7,51938000
Jul 01 2015,21.97,22.0,21.78,21.87,39742000
Jul 02 2015,21.85,21.91,21.67,21.89,26868000
Jul 06 2015,21.76,21.99,21.68,21.8,38064000
Jul 07 2015,21.78,21.89,21.28,21.84,69084000
Jul 08 2015,21.72,21.8,21.44,21.49,47662000
Jul 09 2015,21.75,21.94,21.71,21.72,45428000
Jul 10 2015,22.02,22.24,21.95,22.18,48020000
Jul 13 2015,22.41,22.89,22.38,22.78,79136000
Jul 14 2015,23.12,23.48,22.91,23.28,94724000
Jul 15 2015,23.15,23.24,23.01,23.06,59748000
Jul 16 2015,23.27,23.79,23.24,23.77,81912000
Jul 17 2015,23.89,24.27,23.86,24.15,98644000
Jul 20 2015,24.63,24.66,24.27,24.41,95050000
Jul 21 2015,24.4,24.44,24.13,24.4,63636000
Jul 22 2015,24.3,24.63,24.25,24.41,62298000
Jul 23 2015,24.58,24.58,23.78,24.11,187488000
Jul 24 2015,28.95,29.03,26.47,26.47,438188000
Jul 27 2015,26.39,27.25,26.33,26.57,149820000
Jul 28 2015,26.8,26.82,26.16,26.3,105462000
Jul 29 2015,26.55,26.65,26.25,26.45,75052000
Jul 30 2015,26.38,26.96,26.21,26.84,74862000
Jul 31 2015,26.95,27.14,26.73,26.81,60512000
Aug 03 2015,26.87,27.02,26.47,26.75,60284000
Aug 04 2015,26.48,26.85,26.46,26.59,58692000
Aug 05 2015,26.94,26.96,26.71,26.85,57788000
Aug 06 2015,26.97,27.14,26.38,26.47,76410000
Aug 07 2015,26.46,26.47,25.91,26.13,79384000
Aug 10 2015,26.43,26.61,26.15,26.2,52318000
Aug 11 2015,26.18,26.45,26.1,26.37,53532000
Aug 12 2015,26.19,26.38,25.65,26.3,79246000
Aug 13 2015,26.37,26.73,26.27,26.48,57904000
Aug 14 2015,26.41,26.71,26.41,26.58,39896000
Aug 17 2015,26.56,26.94,26.36,26.76,51634000
Aug 18 2015,26.75,26.97,26.65,26.75,41426000
Aug 19 2015,26.69,26.86,26.45,26.65,46480000
Aug 20 2015,26.52,26.66,25.79,25.79,88160000
Aug 21 2015,25.37,25.62,24.72,24.72,134130000
Aug 24 2015,23.18,23.83,22.55,23.17,201952000
Aug 25 2015,24.37,24.47,23.31,23.32,113586000
Aug 26 2015,24.2,25.19,23.94,25.04,127172000
Aug 27 2015,25.69,26.13,25.36,25.92,122290000
Aug 28 2015,25.88,26.08,25.65,25.9,54934000
Aug 31 2015,25.82,25.97,25.45,25.64,60046000
Sep 01 2015,24.96,25.5,24.67,24.83,77290000
Sep 02 2015,25.25,25.54,24.89,25.53,74142000
Sep 03 2015,25.73,25.79,25.13,25.24,62994000
Sep 04 2015,24.88,25.14,24.78,24.95,53850000
Sep 08 2015,25.43,25.92,25.43,25.88,76214000
Sep 09 2015,26.2,26.5,25.75,25.84,87414000
Sep 10 2015,25.76,26.31,25.74,26.11,51520000
Sep 11 2015,26.05,26.47,26.03,26.47,64558000
Sep 14 2015,26.47,26.62,25.93,26.07,62604000
Sep 15 2015,26.16,26.4,25.86,26.12,57318000
Sep 16 2015,26.1,26.42,25.93,26.37,45056000
Sep 17 2015,26.35,27.35,26.33,26.94,83390000
Sep 18 2015,26.73,27.31,26.57,27.01,123202000
Sep 21 2015,27.22,27.49,26.98,27.42,65666000
Sep 22 2015,26.99,27.18,26.63,26.92,76834000
Sep 23 2015,26.92,27.06,26.7,26.8,44752000
Sep 24 2015,26.53,26.73,26.14,26.69,70020000
Sep 25 2015,27.13,27.14,26.07,26.21,80620000
Sep 28 2015,26.0,26.01,24.72,25.2,108690000
Sep 29 2015,25.3,25.57,24.52,24.8,89150000
Sep 30 2015,25.27,25.64,25.08,25.59,80094000
Oct 01 2015,25.55,26.04,25.3,26.04,75370000
Oct 02 2015,25.65,26.63,25.41,26.63,91956000
Oct 05 2015,26.85,27.3,26.8,27.18,67828000
Oct 06 2015,27.27,27.58,26.67,26.87,90056000
Oct 07 2015,27.09,27.1,26.45,27.1,76242000
Oct 08 2015,26.84,26.97,25.99,26.66,93528000
Oct 09 2015,26.72,27.09,26.51,26.99,70748000
Oct 12 2015,27.0,27.54,26.99,27.51,55522000
Oct 13 2015,27.31,27.66,27.16,27.44,58760000
Oct 14 2015,27.57,27.61,26.98,27.24,71642000
Oct 15 2015,27.39,28.15,27.35,28.12,98740000
Oct 16 2015,28.26,28.55,28.02,28.54,86316000
Oct 19 2015,28.54,28.95,28.37,28.66,87508000
Oct 20 2015,28.6,28.65,27.76,28.04,86924000
Oct 21 2015,28.19,28.26,27.63,27.79,66872000
Oct 22 2015,28.14,28.46,27.83,28.2,155588000
Oct 23 2015,30.88,30.97,29.77,29.95,213854000
Oct 26 2015,30.11,30.49,29.81,30.43,85394000
Oct 27 2015,30.43,30.74,30.28,30.55,75742000
Oct 28 2015,30.61,30.86,30.48,30.85,78524000
Oct 29 2015,30.89,31.38,30.77,31.33,77920000
Oct 30 2015,31.3,31.54,31.26,31.3,77488000
Nov 02 2015,31.36,31.43,31.02,31.42,56330000
Nov 03 2015,31.48,31.49,31.1,31.27,64938000
Nov 04 2015,31.39,32.3,31.37,32.05,96810000
Nov 05 2015,32.35,32.85,32.15,32.78,94476000
Nov 06 2015,32.75,33.11,32.6,32.97,81844000
Nov 09 2015,32.93,33.1,32.39,32.77,80976000
Nov 10 2015,32.55,33.0,32.36,32.98,69790000
Nov 11 2015,33.16,33.8,33.16,33.66,107746000
Nov 12 2015,33.65,33.78,33.21,33.28,85694000
Nov 13 2015,33.18,33.35,32.02,32.12,125222000
Nov 16 2015,32.05,32.5,31.11,32.39,148718000
Nov 17 2015,32.53,32.66,32.05,32.17,86404000
Nov 18 2015,32.33,33.24,32.32,33.18,89396000
Nov 19 2015,33.25,33.64,32.95,33.06,94104000
Nov 20 2015,33.4,33.44,32.88,33.42,77922000
Nov 23 2015,33.58,34.14,33.51,33.95,87702000
Nov 24 2015,33.71,33.79,33.06,33.56,90868000
Nov 25 2015,33.75,33.99,33.56,33.77,53958000
Nov 27 2015,34.04,34.05,33.6,33.66,39336000
Nov 30 2015,33.79,34.06,33.23,33.24,113864000
Dec 01 2015,33.69,34.05,33.39,33.95,95024000
Dec 02 2015,34.05,34.24,33.71,33.8,85470000
Dec 03 2015,33.97,34.14,33.07,33.31,101294000
Dec 04 2015,33.3,33.74,33.07,33.63,90696000
Dec 07 2015,33.74,33.77,33.03,33.49,74656000
Dec 08 2015,33.16,34.0,32.99,33.87,73038000
Dec 09 2015,33.9,33.95,32.78,33.24,103164000
Dec 10 2015,33.28,33.43,32.98,33.12,69110000
Dec 11 2015,32.56,32.89,31.98,32.01,109488000
Dec 14 2015,32.09,32.93,31.76,32.9,86594000
Dec 15 2015,33.25,33.58,32.87,32.93,95068000
Dec 16 2015,33.18,33.87,32.97,33.79,79290000
Dec 17 2015,34.0,34.13,33.53,33.53,73632000
Dec 18 2015,33.43,33.84,33.21,33.21,136826000
Dec 21 2015,33.42,33.49,32.95,33.23,65018000
Dec 22 2015,33.34,33.42,32.96,33.16,53356000
Dec 23 2015,33.33,33.33,32.83,33.19,54458000
Dec 24 2015,33.17,33.23,33.03,33.14,21824000
Dec 28 2015,33.28,33.78,33.28,33.76,75672000
Dec 29 2015,33.9,34.82,33.89,34.7,114700000
Dec 30 2015,34.59,34.77,34.32,34.45,70380000
Dec 31 2015,34.3,34.39,33.79,33.79,74992000
Jan 04 2016,32.81,32.89,31.38,31.85,186290000
Jan 05 2016,32.34,32.35,31.38,31.69,116452000
Jan 06 2016,31.1,31.99,31.02,31.63,106584000
Jan 07 2016,31.09,31.5,30.26,30.4,141498000
Jan 08 2016,30.98,31.21,30.3,30.35,110258000
Jan 11 2016,30.62,30.99,29.93,30.89,97832000
Jan 12 2016,31.26,31.3,30.61,30.89,94482000
Jan 13 2016,31.04,31.04,28.96,29.09,153104000
Jan 14 2016,29.01,30.11,28.49,29.65,144760000
Jan 15 2016,28.61,29.23,28.26,28.51,155690000
Jan 19 2016,28.85,29.2,28.32,28.72,96144000
Jan 20 2016,28.22,28.92,27.36,28.59,159328000
Jan 21 2016,28.68,29.44,28.41,28.75,99044000
Jan 22 2016,29.44,30.0,29.21,29.82,102402000
Jan 25 2016,29.9,30.42,29.73,29.83,87922000
Jan 26 2016,30.17,30.23,29.52,30.06,75314000
Jan 27 2016,30.1,30.17,28.94,29.17,103058000
Jan 28 2016,30.42,31.9,29.88,31.77,280304000
Jan 29 2016,28.6,29.65,28.5,29.35,293552000
Feb 01 2016,28.91,29.09,28.52,28.74,127102000
Feb 02 2016,28.5,28.58,27.5,27.6,126240000
Feb 03 2016,27.67,27.8,26.09,26.55,200974000
Feb 04 2016,26.25,26.95,25.96,26.81,123982000
Feb 05 2016,26.46,26.47,24.96,25.11,194178000
Feb 08 2016,24.32,24.67,23.76,24.41,196510000
Feb 09 2016,23.9,24.92,23.7,24.1,141558000
Feb 10 2016,24.59,25.23,24.3,24.52,135724000
Feb 11 2016,24.56,25.47,24.2,25.19,147948000
Feb 12 2016,25.53,25.84,25.07,25.35,107696000
Feb 16 2016,25.97,26.22,25.58,26.06,102370000
Feb 17 2016,26.44,26.87,25.97,26.7,96480000
Feb 18 2016,27.06,27.06,26.19,26.25,94700000
Feb 19 2016,26.04,26.8,25.77,26.75,99494000
Feb 22 2016,27.11,28.03,27.05,27.98,111332000
Feb 23 2016,27.78,27.85,27.27,27.65,81016000
Feb 24 2016,27.29,27.71,26.66,27.7,124634000
Feb 25 2016,27.78,27.97,27.26,27.76,90510000
Feb 26 2016,28.01,28.13,27.66,27.76,97540000
Feb 29 2016,27.7,28.24,27.63,27.63,82908000
Mar 01 2016,27.81,28.96,27.8,28.95,100770000
Mar 02 2016,29.09,29.25,28.68,29.01,91644000
Mar 03 2016,28.9,28.99,28.66,28.87,54826000
Mar 04 2016,29.05,29.07,28.55,28.76,68330000
Mar 07 2016,28.68,28.68,27.78,28.14,98538000
Mar 08 2016,27.89,28.57,27.74,28.01,94600000
Mar 09 2016,27.98,28.02,27.51,27.97,87546000
Mar 10 2016,28.34,28.35,27.4,27.95,78398000
Mar 11 2016,28.35,28.5,28.14,28.48,75426000
Mar 14 2016,28.35,28.84,28.15,28.67,69084000
Mar 15 2016,28.55,29.08,28.35,28.85,77536000
Mar 16 2016,28.83,29.07,28.56,28.71,70754000
Mar 17 2016,28.48,28.57,27.75,27.97,118562000
Mar 18 2016,28.05,28.12,27.3,27.6,145938000
Mar 21 2016,27.45,27.76,26.93,27.7,103114000
Mar 22 2016,27.26,28.14,27.25,28.02,80012000
Mar 23 2016,28.05,28.62,27.91,28.48,79674000
Mar 24 2016,28.36,29.18,28.35,29.15,103710000
Mar 28 2016,29.22,29.24,28.78,28.99,62430000
Mar 29 2016,29.01,29.79,28.83,29.69,87852000
Mar 30 2016,29.84,30.16,29.75,29.93,77810000
Mar 31 2016,29.96,30.04,29.61,29.68,53636000
Apr 01 2016,29.52,29.95,29.42,29.92,58348000
Apr 04 2016,29.95,29.98,29.53,29.66,49416000
Apr 05 2016,29.54,29.67,29.26,29.31,46178000
Apr 06 2016,29.38,30.12,29.38,30.1,56998000
Apr 07 2016,29.94,29.98,29.45,29.57,63780000
Apr 08 2016,29.72,29.89,29.45,29.73,51838000
Apr 11 2016,29.81,30.2,29.75,29.8,54086000
Apr 12 2016,29.92,30.2,29.62,30.16,52822000
Apr 13 2016,30.38,30.84,30.26,30.74,84566000
Apr 14 2016,30.75,31.22,30.75,31.04,70242000
Apr 15 2016,31.1,31.34,30.91,31.29,57754000
Apr 18 2016,31.27,31.88,31.25,31.77,87218000
Apr 19 2016,31.86,31.9,31.04,31.4,81118000
Apr 20 2016,31.5,31.83,31.15,31.65,52188000
Apr 21 2016,31.55,31.89,31.42,31.55,51926000
Apr 22 2016,31.22,31.41,30.58,31.02,101678000
Apr 25 2016,30.83,31.35,30.81,31.31,53658000
Apr 26 2016,31.31,31.34,30.74,30.84,50428000
Apr 27 2016,30.59,30.8,30.06,30.33,81376000
Apr 28 2016,30.78,31.34,29.96,30.1,157452000
Apr 29 2016,33.3,33.5,32.7,32.98,206214000
May 02 2016,33.2,34.28,33.1,34.19,131570000
May 03 2016,33.87,34.01,33.52,33.57,98468000
May 04 2016,33.13,33.7,33.11,33.54,92710000
May 05 2016,33.67,33.82,32.8,32.95,97682000
May 06 2016,32.8,33.85,32.8,33.7,87306000
May 09 2016,33.7,34.35,33.57,33.99,79644000
May 10 2016,34.7,35.23,34.67,35.15,122112000
May 11 2016,35.29,35.95,35.08,35.66,146764000
May 12 2016,35.87,36.12,35.58,35.9,100964000
May 13 2016,35.73,35.96,35.33,35.5,95268000
May 16 2016,35.51,35.66,35.01,35.53,108658000
May 17 2016,35.49,35.72,34.7,34.76,102428000
May 18 2016,34.48,35.13,34.44,34.87,85664000
May 19 2016,34.59,34.97,34.48,34.93,60512000
May 20 2016,35.05,35.36,35.0,35.14,58324000
May 23 2016,35.21,35.3,34.82,34.84,51902000
May 24 2016,34.9,35.38,34.9,35.21,60676000
May 25 2016,35.4,35.54,35.28,35.42,65354000
May 26 2016,35.42,35.75,35.36,35.75,48934000
May 27 2016,35.75,35.83,35.56,35.61,44984000
May 31 2016,35.62,36.21,35.57,36.14,72366000
Jun 01 2016,36.04,36.32,35.91,35.97,65262000
Jun 02 2016,36.05,36.41,35.78,36.41,60532000
Jun 03 2016,36.34,36.35,35.92,36.28,67346000
Jun 06 2016,36.33,36.58,36.22,36.34,54096000
Jun 07 2016,36.49,36.5,36.03,36.19,54650000
Jun 08 2016,36.32,36.47,36.08,36.33,44468000
Jun 09 2016,36.15,36.45,36.12,36.38,43406000
Jun 10 2016,36.12,36.25,35.71,35.9,68514000
Jun 13 2016,35.7,36.1,35.56,35.76,67044000
Jun 14 2016,35.62,36.04,35.61,35.97,50138000
Jun 15 2016,36.1,36.13,35.67,35.71,54188000
Jun 16 2016,35.6,35.9,35.26,35.88,61960000
Jun 17 2016,35.91,35.91,34.96,35.32,117956000
Jun 20 2016,35.67,36.07,35.54,35.7,73544000
Jun 21 2016,35.79,35.92,35.64,35.79,42750000
Jun 22 2016,35.83,35.85,35.38,35.53,45210000
Jun 23 2016,35.78,36.11,35.63,36.1,56500000
Jun 24 2016,34.65,35.63,34.61,34.95,152650000
Jun 27 2016,34.6,34.84,34.11,34.57,111360000
Jun 28 2016,35.0,35.4,34.91,35.4,80740000
Jun 29 2016,35.79,35.97,35.68,35.78,61402000
Jun 30 2016,35.86,35.97,35.63,35.78,57102000
Jul 01 2016,35.87,36.4,35.83,36.28,58408000
Jul 05 2016,36.14,36.48,35.98,36.4,48628000
Jul 06 2016,36.29,36.89,36.13,36.88,78764000
Jul 07 2016,36.97,36.98,36.58,36.83,58916000
Jul 08 2016,37.01,37.31,36.9,37.29,68584000
Jul 11 2016,37.5,37.79,37.35,37.69,63906000
Jul 12 2016,37.84,37.87,37.02,37.41,112474000
Jul 13 2016,37.34,37.84,37.06,37.13,82846000
Jul 14 2016,37.44,37.45,36.95,37.06,47810000
Jul 15 2016,37.33,37.33,36.7,36.77,62428000
Jul 18 2016,36.77,37.08,36.44,36.8,59098000
Jul 19 2016,36.63,37.17,36.62,37.0,44336000
Jul 20 2016,37.2,37.31,37.03,37.29,44280000
Jul 21 2016,37.38,37.47,37.14,37.22,46342000
Jul 22 2016,37.39,37.56,37.18,37.24,45554000
Jul 25 2016,37.33,37.42,36.77,36.98,53586000
Jul 26 2016,37.14,37.16,36.64,36.78,50594000
Jul 27 2016,36.9,37.05,36.69,36.83,58262000
Jul 28 2016,37.3,37.67,36.99,37.63,152352000
Jul 29 2016,38.25,38.3,37.75,37.94,135542000
Aug 01 2016,37.99,38.53,37.85,38.39,71564000
Aug 02 2016,38.19,38.25,37.85,38.03,72066000
Aug 03 2016,37.85,37.94,37.61,37.73,71630000
Aug 04 2016,37.69,38.25,37.52,38.04,63564000
Aug 05 2016,38.24,38.42,38.15,38.3,54088000
Aug 08 2016,38.34,38.35,38.05,38.33,39726000
Aug 09 2016,38.37,38.63,38.35,38.42,37522000
Aug 10 2016,38.49,38.6,38.31,38.43,32086000
Aug 11 2016,38.5,38.69,38.46,38.56,40394000
Aug 12 2016,38.42,38.66,38.42,38.63,31266000
Aug 15 2016,38.6,38.6,38.39,38.42,42370000
Aug 16 2016,38.43,38.44,38.19,38.2,32092000
Aug 17 2016,38.22,38.26,37.96,38.23,37822000
Aug 18 2016,38.2,38.26,38.03,38.22,29176000
Aug 19 2016,38.1,38.12,37.84,37.87,46864000
Aug 22 2016,37.88,37.99,37.6,37.97,33586000
Aug 23 2016,38.17,38.24,38.05,38.12,30482000
Aug 24 2016,38.15,38.17,37.77,37.86,34882000
Aug 25 2016,37.8,38.03,37.74,37.96,32460000
Aug 26 2016,38.0,38.5,37.99,38.45,55536000
Aug 29 2016,38.44,38.75,38.43,38.56,43972000
Aug 30 2016,38.55,38.59,38.28,38.38,34184000
Aug 31 2016,38.33,38.48,38.2,38.46,32676000
Sep 01 2016,38.54,38.6,38.34,38.53,35846000
Sep 02 2016,38.71,38.8,38.58,38.62,43636000
Sep 06 2016,38.7,39.47,38.51,39.44,74396000
Sep 07 2016,39.48,39.54,39.22,39.22,48492000
Sep 08 2016,39.19,39.33,39.07,39.2,40610000
Sep 09 2016,38.97,39.05,38.01,38.01,85146000
Sep 12 2016,37.87,38.63,37.8,38.57,62494000
Sep 13 2016,38.44,38.49,37.95,38.05,62344000
Sep 14 2016,38.11,38.38,37.94,38.05,50460000
Sep 15 2016,38.1,38.54,37.88,38.48,60680000
Sep 16 2016,38.66,39.02,38.58,38.93,109984000
Sep 19 2016,39.0,39.1,38.55,38.76,45944000
Sep 20 2016,38.8,39.07,38.8,39.01,38744000
Sep 21 2016,39.16,39.53,38.95,39.49,54372000
Sep 22 2016,39.71,40.29,39.71,40.24,81578000
Sep 23 2016,40.16,40.39,40.11,40.29,47070000
Sep 26 2016,40.09,40.3,39.86,39.96,53028000
Sep 27 2016,40.09,40.83,40.06,40.81,76392000
Sep 28 2016,40.9,41.51,40.85,41.44,88442000
Sep 29 2016,41.41,41.88,41.23,41.45,98444000
Sep 30 2016,41.63,42.0,41.62,41.87,88612000
Oct 03 2016,41.8,41.99,41.56,41.84,55388000
Oct 04 2016,42.05,42.12,41.51,41.7,59006000
Oct 05 2016,41.9,42.28,41.81,42.22,69382000
Oct 06 2016,42.19,42.36,42.03,42.08,53680000
Oct 07 2016,42.29,42.3,41.87,41.97,48524000
Oct 10 2016,42.16,42.26,42.01,42.09,36542000
Oct 11 2016,42.05,42.06,41.42,41.55,71764000
Oct 12 2016,41.7,41.88,41.51,41.7,47608000
Oct 13 2016,41.45,41.59,41.06,41.46,61828000
Oct 14 2016,41.75,41.79,41.15,41.15,59996000
Oct 17 2016,41.08,41.1,40.58,40.65,67230000
Oct 18 2016,41.11,41.16,40.75,40.88,50250000
Oct 19 2016,41.02,41.03,40.76,40.88,41814000
Oct 20 2016,40.7,40.79,40.15,40.52,63040000
Oct 21 2016,40.47,40.97,40.45,40.95,55860000
Oct 24 2016,41.25,41.92,41.11,41.9,81218000
Oct 25 2016,41.97,42.15,41.66,41.76,64968000
Oct 26 2016,41.64,41.67,41.0,41.13,79962000
Oct 27 2016,41.56,41.59,40.77,40.92,148128000
Oct 28 2016,39.1,39.47,38.73,38.82,216822000
Oct 31 2016,39.05,39.69,39.01,39.49,108266000
Nov 01 2016,39.95,40.04,38.84,39.27,106108000
Nov 02 2016,39.2,39.24,38.18,38.28,100530000
Nov 03 2016,38.25,38.85,38.2,38.35,77450000
Nov 04 2016,38.14,38.3,37.66,37.75,102442000
Nov 07 2016,38.58,39.39,38.55,39.25,119688000
Nov 08 2016,39.25,39.59,38.96,39.39,68252000
Nov 09 2016,38.2,38.88,38.0,38.59,171258000
Nov 10 2016,38.94,38.94,35.88,37.12,254940000
Nov 11 2016,36.79,37.16,36.44,36.95,132456000
Nov 14 2016,37.28,37.3,35.51,35.95,146426000
Nov 15 2016,36.5,37.34,36.3,37.16,135116000
Nov 16 2016,36.99,37.49,36.78,37.32,72976000
Nov 17 2016,37.47,37.88,37.4,37.82,73802000
Nov 18 2016,38.05,38.39,37.88,38.01,87468000
Nov 21 2016,38.3,39.02,38.26,39.0,92292000
Nov 22 2016,39.41,39.62,39.05,39.27,106226000
Nov 23 2016,39.09,39.09,38.66,39.01,70806000
Nov 25 2016,39.33,39.34,38.9,39.02,36742000
Nov 28 2016,38.85,38.85,38.21,38.34,88776000
Nov 29 2016,38.4,38.49,38.07,38.13,65446000
Nov 30 2016,38.1,38.4,37.51,37.53,92518000
Dec 01 2016,37.62,37.67,36.9,37.18,93320000
Dec 02 2016,37.17,37.42,36.83,37.02,71226000
Dec 05 2016,37.25,38.07,37.1,37.97,86294000
Dec 06 2016,38.2,38.41,37.86,38.24,75894000
Dec 07 2016,38.23,38.52,37.79,38.52,73698000
Dec 08 2016,38.59,38.69,38.26,38.37,63792000
Dec 09 2016,38.5,38.51,38.27,38.43,49418000
Dec 12 2016,38.32,38.34,37.86,38.01,59278000
Dec 13 2016,38.25,39.12,38.1,38.72,105706000
Dec 14 2016,38.91,39.04,38.14,38.44,109096000
Dec 15 2016,38.31,38.46,38.02,38.05,76038000
Dec 16 2016,38.25,38.26,37.7,37.89,96964000
Dec 19 2016,37.94,38.53,37.81,38.3,62264000
Dec 20 2016,38.43,38.72,38.39,38.56,54072000
Dec 21 2016,38.5,38.56,38.28,38.53,40892000
Dec 22 2016,38.41,38.56,38.15,38.32,50872000
Dec 23 2016,38.23,38.33,37.9,38.03,39632000
Dec 27 2016,38.17,38.73,38.06,38.57,52774000
Dec 28 2016,38.81,39.0,38.53,38.61,66020000
Dec 29 2016,38.62,38.67,38.04,38.26,63166000
Dec 30 2016,38.32,38.37,37.41,37.49,82788000
Jan 03 2017,37.9,37.94,37.38,37.68,70422000
Jan 04 2017,37.92,37.98,37.71,37.86,50210000
Jan 05 2017,38.08,39.12,38.01,39.02,116602000
Jan 06 2017,39.12,39.97,38.92,39.8,119724000
Jan 09 2017,39.9,40.09,39.59,39.85,68922000
Jan 10 2017,39.83,39.9,39.48,39.79,51168000
Jan 11 2017,39.68,39.97,39.48,39.95,59856000
Jan 12 2017,40.02,40.71,39.97,40.68,97478000
Jan 13 2017,40.72,41.08,40.57,40.86,75838000
Jan 17 2017,40.78,40.8,40.17,40.49,73410000
Jan 18 2017,40.47,40.59,40.21,40.37,47084000
Jan 19 2017,40.5,40.68,40.37,40.45,50816000
Jan 20 2017,40.76,40.8,40.31,40.42,67524000
Jan 23 2017,40.34,40.92,40.25,40.89,55950000
Jan 24 2017,41.1,41.2,40.72,41.12,59434000
Jan 25 2017,41.29,41.87,41.26,41.83,78452000
Jan 26 2017,41.78,42.19,41.65,41.96,71726000
Jan 27 2017,41.95,41.99,41.47,41.79,59974000
Jan 30 2017,41.65,41.67,40.82,41.52,74946000
Jan 31 2017,41.19,41.35,40.98,41.17,62744000
Feb 01 2017,41.46,41.69,41.25,41.62,77004000
Feb 02 2017,41.83,42.12,41.41,42.0,147010000
Feb 03 2017,40.34,40.92,40.2,40.51,217376000
Feb 06 2017,40.49,40.54,40.15,40.38,77946000
Feb 07 2017,40.47,40.81,40.38,40.63,69322000
Feb 08 2017,40.63,41.07,40.63,40.99,57160000
Feb 09 2017,41.08,41.25,40.99,41.07,49698000
Feb 10 2017,41.19,41.4,41.14,41.37,48592000
Feb 13 2017,41.58,42.15,41.43,41.83,83452000
Feb 14 2017,41.85,41.92,41.57,41.82,55848000
Feb 15 2017,41.7,42.14,41.64,42.13,59378000
Feb 16 2017,42.09,42.25,41.97,42.21,54294000
Feb 17 2017,42.1,42.36,42.04,42.25,62246000
Feb 21 2017,42.44,42.9,42.36,42.82,70154000
Feb 22 2017,42.85,42.92,42.61,42.78,52340000
Feb 23 2017,42.88,43.04,42.4,42.61,69240000
Feb 24 2017,42.23,42.29,41.89,42.26,73760000
Feb 27 2017,42.12,42.63,41.98,42.43,54272000
Feb 28 2017,42.57,42.7,42.1,42.25,55874000
Mar 01 2017,42.65,42.74,42.45,42.65,55202000
Mar 02 2017,42.65,42.74,42.36,42.45,42642000
Mar 03 2017,42.36,42.6,42.31,42.49,38822000
Mar 06 2017,42.26,42.42,42.06,42.33,52208000
Mar 07 2017,42.27,42.42,42.19,42.3,44952000
Mar 08 2017,42.4,42.65,42.34,42.53,45730000
Mar 09 2017,42.55,42.82,42.52,42.65,40964000
Mar 10 2017,42.85,42.87,42.59,42.62,48728000
Mar 13 2017,42.59,42.78,42.59,42.73,38194000
Mar 14 2017,42.68,42.69,42.38,42.63,42612000
Mar 15 2017,42.72,42.72,42.36,42.65,51244000
Mar 16 2017,42.76,42.78,42.53,42.67,36846000
Mar 17 2017,42.67,42.69,42.53,42.62,67688000
Mar 20 2017,42.58,42.89,42.55,42.85,45654000
Mar 21 2017,42.94,43.14,42.07,42.16,87658000
Mar 22 2017,42.02,42.47,41.95,42.4,53174000
Mar 23 2017,42.41,42.54,42.24,42.37,39060000
Mar 24 2017,42.58,42.59,42.18,42.28,42766000
Mar 27 2017,41.9,42.51,41.67,42.34,55116000
Mar 28 2017,42.59,42.92,42.51,42.8,60832000
Mar 29 2017,42.95,43.82,42.95,43.72,89716000
Mar 30 2017,43.75,43.85,43.58,43.82,55254000
Mar 31 2017,43.85,44.52,43.83,44.33,79152000
Apr 03 2017,44.4,44.67,44.27,44.58,68446000
Apr 04 2017,44.58,45.43,44.51,45.34,99694000
Apr 05 2017,45.54,46.19,45.28,45.46,150168000
Apr 06 2017,45.69,45.86,44.72,44.91,126882000
Apr 07 2017,44.98,45.0,44.47,44.74,74218000
Apr 10 2017,44.98,45.43,44.95,45.35,63686000
Apr 11 2017,45.35,45.56,44.88,45.12,60254000
Apr 12 2017,45.15,45.2,44.76,44.81,49122000
Apr 13 2017,44.57,44.75,44.22,44.23,63492000
Apr 17 2017,44.38,45.12,44.38,45.1,57094000
Apr 18 2017,45.05,45.48,45.04,45.19,59984000
Apr 19 2017,45.39,45.53,44.87,44.96,57404000
Apr 20 2017,44.99,45.27,44.81,45.1,56288000
Apr 21 2017,45.13,45.18,44.84,44.93,48410000
Apr 24 2017,45.43,45.5,45.19,45.37,62458000
Apr 25 2017,45.35,45.47,45.15,45.38,67612000
Apr 26 2017,45.51,45.79,45.38,45.46,52178000
Apr 27 2017,45.72,46.09,45.61,45.92,106110000
Apr 28 2017,47.44,47.48,46.22,46.25,147294000
May 01 2017,46.39,47.72,46.39,47.41,109330000
May 02 2017,47.33,47.51,47.07,47.35,76976000
May 03 2017,47.3,47.3,46.79,47.05,71654000
May 04 2017,47.24,47.25,46.71,46.88,48368000
May 05 2017,47.03,47.04,46.51,46.71,57328000
May 08 2017,47.05,47.45,46.96,47.45,68314000
May 09 2017,47.64,47.89,47.51,47.64,65242000
May 10 2017,47.67,47.69,47.25,47.45,41930000
May 11 2017,47.26,47.51,47.04,47.38,43882000
May 12 2017,47.72,48.14,47.58,48.07,72518000
May 15 2017,47.94,48.16,47.8,47.9,85412000
May 16 2017,48.05,48.5,48.05,48.3,62522000
May 17 2017,47.74,48.02,47.21,47.24,102912000
May 18 2017,47.24,48.14,47.24,47.92,78786000
May 19 2017,48.14,48.45,47.99,47.99,79442000
May 22 2017,48.2,48.57,48.15,48.53,52844000
May 23 2017,48.75,48.76,48.34,48.58,48312000
May 24 2017,48.8,49.05,48.51,49.02,48920000
May 25 2017,49.24,49.95,49.11,49.67,96440000
May 26 2017,49.75,49.93,49.46,49.79,69384000
May 30 2017,49.83,50.06,49.78,49.83,65262000
May 31 2017,50.0,50.01,49.11,49.73,78262000
Jun 01 2017,49.93,49.95,49.57,49.8,49096000
Jun 02 2017,49.95,50.42,49.78,50.34,75046000
Jun 05 2017,50.36,50.66,50.18,50.57,54398000
Jun 06 2017,50.6,50.83,50.06,50.15,66928000
Jun 07 2017,50.3,50.51,50.1,50.5,56460000
Jun 08 2017,50.6,50.68,50.31,50.51,55358000
Jun 09 2017,50.63,50.65,46.35,48.92,152954000
Jun 12 2017,48.35,48.8,47.25,48.25,188944000
Jun 13 2017,48.9,49.22,48.31,49.04,91600000
Jun 14 2017,49.43,49.52,48.34,48.82,79498000
Jun 15 2017,47.94,48.29,47.54,48.21,107478000
Jun 16 2017,49.8,49.99,49.1,49.39,229454000
Jun 19 2017,50.85,50.85,49.49,49.76,100868000
Jun 20 2017,49.9,50.24,49.6,49.63,81536000
Jun 21 2017,49.94,50.14,49.63,50.11,58450000
Jun 22 2017,50.11,50.35,49.86,50.06,45068000
Jun 23 2017,50.13,50.23,49.9,50.19,57582000
Jun 26 2017,50.42,50.49,49.6,49.7,67724000
Jun 27 2017,49.53,49.94,48.8,48.84,75648000
Jun 28 2017,48.93,49.53,48.46,49.52,74752000
Jun 29 2017,48.95,49.38,48.26,48.8,86060000
Jun 30 2017,49.01,49.17,48.38,48.4,67806000
Jul 03 2017,48.64,48.72,47.55,47.68,58182000
Jul 05 2017,48.08,48.75,47.76,48.57,73060000
Jul 06 2017,48.23,48.72,47.95,48.26,65192000
Jul 07 2017,48.48,49.01,48.46,48.94,52868000
Jul 10 2017,49.25,49.97,49.17,49.82,70926000
Jul 11 2017,49.65,49.8,49.19,49.71,59654000
Jul 12 2017,50.03,50.43,49.9,50.33,72172000
Jul 13 2017,50.23,50.34,49.79,50.03,57616000
Jul 14 2017,50.12,50.22,49.84,50.09,42050000
Jul 17 2017,50.23,50.74,50.19,50.5,74252000
Jul 18 2017,50.3,51.3,50.2,51.22,80152000
Jul 19 2017,51.25,51.58,51.13,51.34,59280000
Jul 20 2017,51.58,51.75,51.13,51.44,61950000
Jul 21 2017,51.06,51.31,50.55,51.28,54692000
Jul 24 2017,51.42,52.15,51.37,51.95,65760000
Jul 25 2017,51.9,52.17,51.62,51.99,48952000
Jul 26 2017,52.16,52.66,52.16,52.64,58426000
Jul 27 2017,53.48,54.17,52.01,52.3,219834000
Jul 28 2017,50.61,51.64,50.05,51.0,154188000
Jul 31 2017,50.95,50.95,49.35,49.39,147042000
Aug 01 2017,49.81,50.32,49.58,49.81,91452000
Aug 02 2017,50.09,50.16,49.09,49.79,81400000
Aug 03 2017,49.97,49.97,49.23,49.35,65116000
Aug 04 2017,49.48,49.58,49.1,49.38,54606000
Aug 07 2017,49.53,49.75,49.36,49.61,53532000
Aug 08 2017,49.72,49.81,49.29,49.49,58056000
Aug 09 2017,49.13,49.4,48.76,49.1,71394000
Aug 10 2017,48.81,48.99,47.73,47.85,113682000
Aug 11 2017,48.0,48.52,47.57,48.4,69360000
Aug 14 2017,48.92,49.28,48.81,49.17,63458000
Aug 15 2017,49.44,49.59,49.1,49.14,50986000
Aug 16 2017,49.08,49.32,48.66,48.91,62642000
Aug 17 2017,48.89,48.89,48.02,48.03,70248000
Aug 18 2017,48.07,48.27,47.73,47.92,65696000
Aug 21 2017,47.88,48.06,47.27,47.66,63290000
Aug 22 2017,47.78,48.4,47.78,48.35,55000000
Aug 23 2017,47.97,48.1,47.71,47.9,53366000
Aug 24 2017,47.87,47.95,47.06,47.62,103914000
Aug 25 2017,47.8,47.88,47.21,47.26,66496000
Aug 28 2017,47.33,47.65,47.11,47.3,51934000
Aug 29 2017,47.0,47.8,46.82,47.7,57486000
Aug 30 2017,47.92,48.47,47.85,48.38,58092000
Aug 31 2017,48.74,49.05,48.64,49.03,66630000
Sep 01 2017,49.21,49.22,48.84,48.91,50718000
Sep 05 2017,48.77,48.84,48.02,48.26,57664000
Sep 06 2017,48.42,48.59,48.03,48.39,42598000
Sep 07 2017,48.7,49.03,48.63,48.97,51336000
Sep 08 2017,48.96,48.99,48.17,48.29,52106000
Sep 11 2017,48.72,49.1,48.71,48.9,43734000
Sep 12 2017,49.16,49.23,48.78,49.13,49622000
Sep 13 2017,49.2,50.0,48.97,49.98,67494000
Sep 14 2017,49.84,49.93,49.39,49.61,78266000
Sep 15 2017,49.65,49.81,49.2,49.34,75204000
Sep 18 2017,49.52,49.64,48.41,48.71,68226000
Sep 19 2017,48.86,48.91,48.37,48.49,53422000
Sep 20 2017,48.59,48.74,48.11,48.66,57776000
Sep 21 2017,48.57,48.58,48.1,48.23,46752000
Sep 22 2017,48.05,48.28,47.72,47.76,52836000
Sep 25 2017,47.47,47.47,46.64,46.99,102480000
Sep 26 2017,47.27,47.43,46.59,46.93,71296000
Sep 27 2017,47.4,47.76,47.17,47.54,62978000
Sep 28 2017,47.59,47.99,47.51,47.82,50452000
Sep 29 2017,48.01,48.24,47.92,48.07,50876000
Oct 02 2017,48.2,48.37,47.61,47.96,48858000
Oct 03 2017,47.9,48.18,47.52,47.85,53332000
Oct 04 2017,47.71,48.39,47.7,48.27,50548000
Oct 05 2017,48.5,49.08,48.48,49.04,64584000
Oct 06 2017,48.78,49.79,48.78,49.48,75642000
Oct 09 2017,49.66,49.92,49.38,49.55,58772000
Oct 10 2017,49.83,49.9,49.01,49.36,61698000
Oct 11 2017,49.56,49.78,49.33,49.75,46742000
Oct 12 2017,49.84,50.42,49.62,50.05,81346000
Oct 13 2017,50.35,50.39,50.05,50.15,48630000
Oct 16 2017,50.42,50.48,50.05,50.32,40178000
Oct 17 2017,50.28,50.57,50.22,50.46,46394000
Oct 18 2017,50.46,51.12,49.83,49.85,49994000
Oct 19 2017,49.5,49.55,49.01,49.33,62164000
Oct 20 2017,49.68,49.73,49.1,49.15,47302000
Oct 23 2017,49.34,49.34,48.13,48.31,69882000
Oct 24 2017,48.45,48.99,48.25,48.79,54478000
Oct 25 2017,48.9,49.22,48.31,48.65,60662000
Oct 26 2017,49.02,49.15,48.43,48.62,112374000
Oct 27 2017,52.91,55.28,52.53,55.05,331300000
Oct 30 2017,54.75,56.14,54.68,55.54,132262000
Oct 31 2017,55.45,55.53,55.06,55.26,69540000
Nov 01 2017,55.27,55.45,54.84,55.18,75110000
Nov 02 2017,54.89,55.1,54.34,54.71,73698000
Nov 03 2017,54.56,55.63,54.43,55.58,75030000
Nov 06 2017,55.46,56.27,55.44,56.03,67622000
Nov 07 2017,56.24,56.53,55.88,56.16,53780000
Nov 08 2017,56.14,56.78,55.96,56.64,51630000
Nov 09 2017,56.3,56.48,55.79,56.46,74654000
Nov 10 2017,56.31,56.59,56.2,56.27,43598000
Nov 13 2017,56.15,56.99,56.12,56.46,58368000
Nov 14 2017,56.51,56.9,56.19,56.84,62768000
Nov 15 2017,56.35,56.59,56.08,56.33,78574000
Nov 16 2017,56.51,56.91,56.5,56.86,44266000
Nov 17 2017,56.91,56.94,56.29,56.49,48268000
Nov 20 2017,56.49,56.67,56.13,56.32,43278000
Nov 21 2017,56.64,57.0,56.41,56.97,49588000
Nov 22 2017,57.05,58.01,57.05,57.81,71106000
Nov 24 2017,58.03,59.34,58.03,59.3,70560000
Nov 27 2017,60.13,60.67,59.56,59.79,134880000
Nov 28 2017,60.24,60.27,59.43,59.68,91188000
Nov 29 2017,59.74,59.74,57.26,58.06,185150000
Nov 30 2017,58.35,58.93,58.0,58.84,90184000
Dec 01 2017,58.6,58.98,57.6,58.12,82142000
Dec 04 2017,58.69,58.76,56.4,56.7,118638000
Dec 05 2017,56.41,57.96,56.24,57.08,81596000
Dec 06 2017,56.9,57.79,56.8,57.62,57066000
Dec 07 2017,57.83,58.16,57.55,57.99,50232000
Dec 08 2017,58.52,58.64,57.85,58.1,61002000
Dec 11 2017,58.23,58.49,57.85,58.45,47270000
Dec 12 2017,58.33,58.68,58.08,58.25,44718000
Dec 13 2017,58.5,58.54,58.01,58.21,52336000
Dec 14 2017,58.19,58.9,58.12,58.71,64286000
Dec 15 2017,58.95,59.14,58.47,58.96,95572000
Dec 18 2017,59.37,59.74,59.05,59.53,58952000
Dec 19 2017,59.46,59.65,58.96,59.37,51756000
Dec 20 2017,59.53,59.55,58.8,58.88,47424000
Dec 21 2017,58.79,58.96,58.38,58.74,42462000
Dec 22 2017,58.6,58.73,58.39,58.42,31702000
Dec 26 2017,58.42,58.92,58.03,58.84,40104000
Dec 27 2017,59.0,59.36,58.78,59.11,37344000
Dec 28 2017,59.45,59.51,59.22,59.31,36834000
Dec 29 2017,59.12,59.2,58.38,58.47,53768000
Jan 02 2018,58.6,59.5,58.53,59.45,53890000
Jan 03 2018,59.42,60.27,59.42,60.21,62176000
Jan 04 2018,60.25,60.79,60.23,60.48,60442000
Jan 05 2018,60.88,61.46,60.5,61.46,70894000
Jan 08 2018,61.8,62.65,61.6,62.34,85590000
Jan 09 2018,62.85,62.97,62.09,62.63,73226000
Jan 10 2018,62.26,62.72,61.86,62.72,53720000
Jan 11 2018,62.99,63.84,62.82,63.83,62500000
Jan 12 2018,63.67,65.29,63.67,65.26,108874000
Jan 16 2018,66.15,67.0,64.61,65.24,144414000
Jan 17 2018,65.61,65.7,64.04,64.75,105076000
Jan 18 2018,64.7,65.23,64.2,64.67,80538000
Jan 19 2018,65.6,65.65,64.65,64.73,91570000
Jan 22 2018,64.86,66.37,64.83,66.37,82802000
Jan 23 2018,66.9,68.25,66.87,68.13,103386000
Jan 24 2018,68.74,69.41,66.9,67.88,136150000
Jan 25 2018,68.4,68.92,67.88,68.9,95060000
Jan 26 2018,69.6,70.13,69.05,70.1,97146000
Jan 29 2018,70.46,71.57,70.02,70.88,114038000
Jan 30 2018,70.16,71.96,69.6,71.89,117438000
Jan 31 2018,72.57,73.63,72.5,72.54,128494000
Feb 01 2018,72.25,72.99,69.26,69.5,182276000
Feb 02 2018,73.87,74.9,70.7,71.5,222514000
Feb 05 2018,70.13,72.95,66.04,69.5,229900000
Feb 06 2018,68.07,72.2,67.59,72.14,221336000
Feb 07 2018,72.45,73.05,70.76,70.84,143254000
Feb 08 2018,71.48,71.69,67.5,67.53,171572000
Feb 09 2018,68.67,69.18,63.3,66.98,282830000
Feb 12 2018,68.23,69.69,67.2,69.31,134778000
Feb 13 2018,69.3,70.99,69.18,70.73,118358000
Feb 14 2018,70.31,72.6,70.17,72.55,119184000
Feb 15 2018,73.34,73.45,71.84,73.09,113054000
Feb 16 2018,72.87,73.29,72.33,72.43,89452000
Feb 20 2018,72.32,74.44,72.32,73.42,129984000
Feb 21 2018,74.25,75.17,73.95,74.15,126088000
Feb 22 2018,74.77,75.13,73.79,74.27,97162000
Feb 23 2018,74.77,75.0,74.32,75.0,88362000
Feb 26 2018,75.46,76.14,75.35,76.1,99100000
Feb 27 2018,76.22,76.34,75.36,75.6,96176000
Feb 28 2018,75.98,76.43,75.6,75.62,90300000
Mar 01 2018,75.68,75.92,73.25,74.67,136704000
Mar 02 2018,73.46,75.05,72.75,75.01,131752000
Mar 05 2018,74.71,76.27,74.05,76.18,104678000
Mar 06 2018,76.66,77.11,76.4,76.88,91234000
Mar 07 2018,76.33,77.29,76.13,77.25,83482000
Mar 08 2018,77.5,77.74,77.26,77.59,77252000
Mar 09 2018,78.18,78.95,77.95,78.94,90686000
Mar 12 2018,79.63,80.27,79.33,79.92,103484000
Mar 13 2018,80.8,80.88,78.9,79.41,130638000
Mar 14 2018,79.85,80.32,79.54,79.55,85188000
Mar 15 2018,79.75,79.85,78.91,79.12,81394000
Mar 16 2018,79.17,79.47,78.38,78.58,108500000
Mar 19 2018,77.73,78.08,76.27,77.25,131616000
Mar 20 2018,77.52,79.35,77.27,79.33,91632000
Mar 21 2018,79.32,79.5,78.16,79.09,95016000
Mar 22 2018,78.27,78.69,77.12,77.25,126412000
Mar 23 2018,76.95,77.45,74.77,74.78,160120000
Mar 26 2018,76.5,77.85,74.96,77.79,112494000
Mar 27 2018,78.62,78.8,74.12,74.85,139992000
Mar 28 2018,72.35,72.79,69.31,71.57,274106000
Mar 29 2018,70.3,72.77,68.26,72.37,251622000
Apr 02 2018,70.88,71.07,67.75,68.6,209272000
Apr 03 2018,69.57,70.7,67.77,69.6,204624000
Apr 04 2018,67.91,70.77,67.64,70.53,139646000
Apr 05 2018,72.1,72.98,71.35,72.59,128270000
Apr 06 2018,71.5,72.63,70.01,70.26,117646000
Apr 09 2018,71.25,71.92,70.13,70.3,84164000
Apr 10 2018,71.6,71.92,70.79,71.81,85082000
Apr 11 2018,71.97,72.44,71.24,71.35,71650000
Apr 12 2018,71.97,72.61,71.75,72.43,62700000
Apr 13 2018,72.46,72.99,71.23,71.54,73706000
Apr 16 2018,72.25,72.35,71.37,72.07,56172000
Apr 17 2018,73.11,75.36,72.85,75.19,102288000
Apr 18 2018,75.73,76.69,75.21,76.39,104550000
Apr 19 2018,77.16,78.43,76.95,77.85,130474000
Apr 20 2018,78.06,78.06,75.8,76.37,110832000
Apr 23 2018,77.33,77.4,75.17,75.89,89308000
Apr 24 2018,76.79,76.97,72.42,73.0,149894000
Apr 25 2018,72.9,73.5,70.75,73.01,131746000
Apr 26 2018,74.25,76.47,73.93,75.9,176022000
Apr 27 2018,81.7,81.9,78.37,78.63,261064000
Apr 30 2018,79.13,79.8,78.05,78.31,109282000
May 01 2018,78.16,79.25,77.61,79.11,91442000
May 02 2018,79.05,79.43,78.32,78.48,87206000
May 03 2018,78.0,78.74,77.3,78.6,85038000
May 04 2018,78.12,79.25,78.11,79.05,68872000
May 07 2018,79.47,80.35,79.39,80.01,76038000
May 08 2018,79.75,79.84,79.13,79.62,61358000
May 09 2018,80.0,80.4,79.6,80.4,72746000
May 10 2018,80.42,80.78,80.17,80.45,56350000
May 11 2018,80.55,80.56,79.89,80.15,45278000
May 14 2018,80.2,80.56,80.0,80.08,50190000
May 15 2018,79.39,79.39,78.26,78.81,101550000
May 16 2018,78.88,79.72,78.83,79.36,51412000
May 17 2018,79.03,79.7,78.65,79.09,42952000
May 18 2018,79.07,79.18,78.61,78.72,52852000
May 21 2018,79.25,79.6,78.75,79.27,58504000
May 22 2018,79.49,79.49,78.76,79.07,42312000
May 23 2018,78.55,80.09,78.32,80.09,67238000
May 24 2018,79.9,80.41,79.42,80.15,68600000
May 25 2018,80.15,80.71,80.02,80.51,53968000
May 29 2018,80.04,81.09,80.01,80.64,76930000
May 30 2018,80.9,81.3,80.65,81.24,58148000
May 31 2018,81.15,81.75,81.07,81.48,63326000
Jun 01 2018,81.85,82.34,81.75,82.08,66268000
Jun 04 2018,82.44,83.28,82.27,83.26,63754000
Jun 05 2018,83.65,84.95,83.5,84.82,95644000
Jun 06 2018,85.23,85.72,84.32,84.79,109464000
Jun 07 2018,84.93,85.0,83.81,84.46,75314000
Jun 08 2018,84.06,84.47,83.65,84.2,59102000
Jun 11 2018,84.08,84.71,84.03,84.46,46710000
Jun 12 2018,84.65,84.98,84.58,84.94,45184000
Jun 13 2018,85.14,85.69,85.01,85.24,66550000
Jun 14 2018,85.67,86.24,85.44,86.19,63488000
Jun 15 2018,85.7,86.04,85.43,85.8,95552000
Jun 18 2018,85.31,86.34,85.13,86.19,62154000
Jun 19 2018,85.45,86.81,85.02,86.74,85802000
Jun 20 2018,87.13,88.15,87.07,87.5,86652000
Jun 21 2018,88.0,88.15,85.88,86.51,98822000
Jun 22 2018,87.13,87.15,85.6,85.78,81502000
Jun 25 2018,85.13,85.25,82.32,83.16,150224000
Jun 26 2018,83.62,85.08,83.17,84.55,87732000
Jun 27 2018,85.41,85.6,83.0,83.03,97444000
Jun 28 2018,83.63,85.28,83.06,85.07,90594000
Jun 29 2018,85.85,86.17,84.72,84.99,90870000
Jul 02 2018,84.14,85.69,83.9,85.69,63714000
Jul 03 2018,86.2,86.25,84.62,84.7,43546000
Jul 05 2018,85.27,85.53,84.11,84.99,59662000
Jul 06 2018,84.8,85.76,84.58,85.53,53006000
Jul 09 2018,86.2,86.98,85.81,86.95,60240000
Jul 10 2018,86.93,87.5,86.55,87.15,60058000
Jul 11 2018,86.9,87.85,86.7,87.75,64196000
Jul 12 2018,88.23,89.9,88.11,89.83,90654000
Jul 13 2018,90.2,90.76,89.76,90.65,87664000
Jul 16 2018,91.1,92.1,90.72,91.12,109324000
Jul 17 2018,90.58,92.58,89.87,92.2,113658000
Jul 18 2018,92.4,92.94,91.56,92.15,97238000
Jul 19 2018,91.47,92.05,90.56,90.65,93538000
Jul 20 2018,91.25,91.74,90.5,90.68,77688000
Jul 23 2018,90.61,90.95,88.5,90.1,77770000
Jul 24 2018,91.45,92.0,90.47,91.46,85574000
Jul 25 2018,91.46,93.19,91.13,93.18,74764000
Jul 26 2018,91.95,92.23,90.22,90.4,198488000
Jul 27 2018,93.8,94.0,90.33,90.86,193620000
Jul 30 2018,91.37,91.47,88.3,88.96,131246000
Jul 31 2018,89.32,90.09,86.97,88.87,114774000
Aug 01 2018,89.2,89.92,88.8,89.86,83062000
Aug 02 2018,89.44,91.83,89.3,91.72,87094000
Aug 03 2018,91.89,92.05,91.07,91.16,69210000
Aug 06 2018,91.29,92.39,90.95,92.39,67836000
Aug 07 2018,92.73,93.49,92.31,93.12,67550000
Aug 08 2018,93.05,94.58,92.72,94.33,79260000
Aug 09 2018,94.1,95.73,93.87,94.93,97208000
Aug 10 2018,94.43,94.97,93.91,94.32,72798000
Aug 13 2018,94.93,96.25,94.68,94.81,110630000
Aug 14 2018,95.97,96.05,95.0,95.98,79722000
Aug 15 2018,95.48,95.81,93.49,94.13,154014000
Aug 16 2018,95.2,95.25,94.18,94.33,79142000
Aug 17 2018,94.29,94.4,92.78,94.11,82086000
Aug 20 2018,94.53,94.59,93.3,93.84,57240000
Aug 21 2018,94.0,94.89,93.72,94.17,62112000
Aug 22 2018,93.83,95.29,93.83,95.25,61610000
Aug 23 2018,95.36,95.97,95.04,95.14,71260000
Aug 24 2018,95.53,95.8,95.13,95.27,56018000
Aug 27 2018,95.75,96.39,95.46,96.38,71380000
Aug 28 2018,96.89,97.09,96.44,96.64,62014000
Aug 29 2018,97.67,99.93,97.45,99.9,130636000
Aug 30 2018,99.87,101.28,99.35,100.12,145546000
Aug 31 2018,100.35,101.12,100.24,100.64,84088000
Sep 04 2018,101.32,102.53,100.65,101.98,114422000
Sep 05 2018,101.91,102.02,99.49,99.74,164412000
Sep 06 2018,100.33,100.38,96.76,97.92,149774000
Sep 07 2018,96.94,98.76,96.87,97.6,97852000
Sep 10 2018,98.55,98.65,96.58,96.95,90896000
Sep 11 2018,96.41,99.44,95.85,99.36,100672000
Sep 12 2018,99.7,100.0,98.12,99.5,88280000
Sep 13 2018,100.0,100.44,99.1,99.49,72430000
Sep 14 2018,99.65,99.68,97.96,98.51,72840000
Sep 17 2018,97.74,97.84,94.37,95.4,141004000
Sep 18 2018,95.93,97.91,95.77,97.05,85374000
Sep 19 2018,97.03,97.04,95.25,96.32,81136000
Sep 20 2018,96.93,97.75,96.61,97.21,63098000
Sep 21 2018,97.71,97.87,95.53,95.75,137118000
Sep 24 2018,95.19,96.84,93.25,96.72,84274000
Sep 25 2018,97.14,98.8,96.94,98.73,90768000
Sep 26 2018,98.43,99.76,98.08,98.74,86270000
Sep 27 2018,99.66,100.81,99.43,100.65,86588000
Sep 28 2018,100.22,101.33,99.82,100.15,81702000
Oct 01 2018,101.1,101.66,100.18,100.22,69210000
Oct 02 2018,100.0,100.67,98.29,98.57,108014000
Oct 03 2018,99.08,99.49,97.49,97.64,105062000
Oct 04 2018,97.45,97.8,94.83,95.47,145140000
Oct 05 2018,95.9,96.45,93.14,94.48,136446000
Oct 08 2018,93.7,95.1,91.53,93.22,147864000
Oct 09 2018,93.0,94.83,92.62,93.52,95458000
Oct 10 2018,92.89,92.93,87.72,87.76,219778000
Oct 11 2018,86.2,87.77,84.25,85.97,278718000
Oct 12 2018,90.4,90.45,87.13,89.43,188892000
Oct 15 2018,89.75,89.75,86.71,88.05,128744000
Oct 16 2018,89.18,91.19,88.08,91.0,117198000
Oct 17 2018,92.14,92.25,90.35,91.59,105904000
Oct 18 2018,91.07,91.51,88.39,88.54,117480000
Oct 19 2018,89.26,90.46,87.65,88.2,118144000
Oct 22 2018,89.2,90.47,87.8,89.46,90000000
Oct 23 2018,87.11,88.82,85.7,88.43,134478000
Oct 24 2018,88.68,88.89,82.83,83.21,138568000
Oct 25 2018,85.17,89.74,84.6,89.11,205714000
Oct 26 2018,82.48,84.92,80.15,82.14,299276000
Oct 29 2018,83.0,83.29,74.75,76.94,277322000
Oct 30 2018,74.31,77.05,73.82,76.52,249202000
Oct 31 2018,78.5,81.2,78.25,79.9,187804000
Nov 01 2018,81.18,83.52,79.92,83.28,162710000
Nov 02 2018,83.93,84.87,82.59,83.28,139110000
Nov 05 2018,82.88,82.9,79.82,81.39,112494000
Nov 06 2018,80.92,83.25,80.73,82.14,85148000
Nov 07 2018,83.65,87.96,83.2,87.77,163844000
Nov 08 2018,87.75,89.2,86.26,87.75,130698000
Nov 09 2018,86.63,87.2,85.09,85.62,118044000
Nov 12 2018,84.91,85.43,81.5,81.84,136124000
Nov 13 2018,82.46,83.85,80.69,81.56,118666000
Nov 14 2018,82.82,83.65,79.85,79.95,129738000
Nov 15 2018,79.05,81.24,77.33,80.97,168546000
Nov 16 2018,79.38,80.72,78.66,79.67,121322000
Nov 19 2018,78.85,79.06,75.17,75.61,155800000
Nov 20 2018,71.88,76.74,71.0,74.77,217576000
Nov 21 2018,77.15,77.5,75.75,75.84,114336000
Nov 23 2018,75.85,76.81,75.09,75.1,54152000
Nov 26 2018,76.95,79.24,76.21,79.07,125154000
Nov 27 2018,78.8,79.88,77.9,79.07,115664000
Nov 28 2018,80.7,84.07,80.06,83.89,169174000
Nov 29 2018,83.75,84.5,82.62,83.68,132264000
Nov 30 2018,83.97,84.8,83.32,84.51,115236000
Dec 03 2018,88.47,88.92,86.5,88.62,137246000
Dec 04 2018,87.8,88.52,83.25,83.42,173890000
Dec 06 2018,80.74,85.05,80.49,84.96,175788000
Dec 07 2018,85.25,85.95,81.27,81.46,151522000
Dec 10 2018,81.19,82.9,79.54,82.05,149896000
Dec 11 2018,83.9,83.97,80.98,82.16,124894000
Dec 12 2018,83.45,85.25,83.01,83.18,131960000
Dec 13 2018,84.0,84.61,82.07,82.92,105426000
Dec 14 2018,81.9,82.13,79.25,79.6,127344000
Dec 17 2018,78.3,78.81,75.25,76.05,176596000
Dec 18 2018,77.0,78.38,76.15,77.57,130460000
Dec 19 2018,77.15,79.23,74.16,74.75,175844000
Dec 20 2018,74.2,75.47,71.63,73.04,199836000
Dec 21 2018,73.25,74.0,68.2,68.87,272806000
Dec 24 2018,67.3,69.8,65.35,67.2,144400000
Dec 26 2018,68.44,73.66,68.15,73.54,208236000
Dec 27 2018,72.71,73.45,69.52,73.08,194440000
Dec 28 2018,73.67,75.67,72.45,73.9,176580000
Dec 31 2018,75.54,76.04,74.35,75.1,139090000
Jan 02 2019,73.26,77.67,73.05,76.96,159662000
Jan 03 2019,76.0,76.9,74.86,75.01,139512000
Jan 04 2019,76.5,79.7,75.92,78.77,183652000
Jan 07 2019,80.12,81.73,79.46,81.48,159864000
Jan 08 2019,83.23,83.83,80.83,82.83,177628000
Jan 09 2019,82.65,83.39,82.07,82.97,126976000
Jan 10 2019,82.05,83.16,81.08,82.81,130154000
Jan 11 2019,82.03,83.01,81.81,82.03,93724000
Jan 14 2019,80.75,82.41,79.76,80.86,120118000
Jan 15 2019,81.6,83.76,81.3,83.73,119970000
Jan 16 2019,84.21,85.25,83.79,84.19,127338000
Jan 17 2019,84.0,85.01,83.88,84.66,84178000
Jan 18 2019,85.6,85.81,84.58,84.81,120410000
Jan 22 2019,84.05,84.09,80.51,81.61,128336000
Jan 23 2019,82.8,82.87,80.6,82.0,104504000
Jan 24 2019,82.05,82.86,81.59,82.75,81798000
Jan 25 2019,83.53,84.17,83.08,83.53,98918000
Jan 28 2019,82.18,82.25,80.7,81.89,96754000
Jan 29 2019,81.56,81.62,79.54,79.69,92656000
Jan 30 2019,81.15,83.85,80.98,83.52,115676000
Jan 31 2019,84.64,86.82,83.95,85.94,218206000
Feb 01 2019,81.94,83.65,81.1,81.31,230124000
Feb 04 2019,81.15,82.48,80.68,81.67,98582000
Feb 05 2019,82.17,83.26,82.13,82.94,89062000
Feb 06 2019,83.54,83.61,81.67,82.01,78798000
Feb 07 2019,81.25,81.28,79.65,80.72,92532000
Feb 08 2019,79.3,79.43,78.34,79.41,113150000
Feb 11 2019,80.05,80.46,79.3,79.55,66346000
Feb 12 2019,80.2,81.97,79.94,81.9,97172000
Feb 13 2019,82.35,82.82,81.86,82.0,71206000
Feb 14 2019,81.22,81.89,80.3,81.13,82410000
Feb 15 2019,81.39,81.45,80.22,80.4,86878000
Feb 19 2019,80.05,81.7,80.03,81.38,73634000
Feb 20 2019,81.5,81.75,80.51,81.11,66752000
Feb 21 2019,80.99,81.18,80.05,80.97,69668000
Feb 22 2019,81.18,81.75,81.06,81.58,61924000
Feb 25 2019,82.07,82.73,81.52,81.65,63690000
Feb 26 2019,81.3,82.0,80.81,81.82,53316000
Feb 27 2019,81.41,82.09,80.75,82.05,62976000
Feb 28 2019,81.76,82.59,81.69,81.99,60518000
Mar 01 2019,82.76,83.71,82.55,83.59,99498000
Mar 04 2019,84.25,85.47,83.72,84.81,123348000
Mar 05 2019,85.15,85.39,84.45,84.62,73630000
Mar 06 2019,84.8,84.89,83.41,83.45,79920000
Mar 07 2019,83.37,83.49,81.03,81.3,99140000
Mar 08 2019,80.2,81.14,79.33,81.04,93340000
Mar 11 2019,81.31,83.61,81.3,83.53,77528000
Mar 12 2019,83.45,84.21,83.05,83.65,72290000
Mar 13 2019,84.15,85.0,83.97,84.54,71040000
Mar 14 2019,84.56,85.1,84.22,84.31,58932000
Mar 15 2019,85.15,85.94,84.66,85.62,151018000
Mar 18 2019,85.64,87.5,85.63,87.11,108582000
Mar 19 2019,87.68,89.21,87.68,88.09,127284000
Mar 20 2019,88.5,89.97,88.35,89.86,125312000
Mar 21 2019,89.81,91.19,89.36,90.96,115356000
Mar 22 2019,90.51,90.95,88.16,88.24,127260000
Mar 25 2019,87.89,89.13,87.38,88.71,102076000
Mar 26 2019,89.65,90.29,88.67,89.19,97318000
Mar 27 2019,89.21,89.38,87.28,88.29,86496000
Mar 28 2019,88.5,88.9,87.67,88.67,60860000
Mar 29 2019,89.33,89.64,88.83,89.04,66416000
Apr 01 2019,90.01,90.78,89.94,90.71,84776000
Apr 02 2019,90.55,91.0,90.26,90.7,68962000
Apr 03 2019,91.34,91.5,90.48,91.04,78522000
Apr 04 2019,91.03,91.44,90.21,90.94,72478000
Apr 05 2019,91.45,91.93,91.26,91.86,72810000
Apr 08 2019,91.66,92.51,91.26,92.49,75056000
Apr 09 2019,92.27,92.65,91.59,91.79,74288000
Apr 10 2019,92.05,92.4,91.44,92.37,59280000
Apr 11 2019,92.43,92.5,92.02,92.2,53096000
Apr 12 2019,92.42,92.57,92.07,92.15,62288000
Apr 15 2019,92.1,92.34,90.94,92.24,74488000
Apr 16 2019,92.57,93.49,92.4,93.15,60892000
Apr 17 2019,93.65,93.82,93.02,93.24,57870000
Apr 18 2019,93.44,93.54,92.97,93.08,54998000
Apr 22 2019,92.77,94.42,92.28,94.37,67476000
Apr 23 2019,94.56,96.46,94.48,96.19,92808000
Apr 24 2019,96.25,96.48,94.91,95.09,73516000
Apr 25 2019,95.85,96.12,95.02,95.11,121982000
Apr 26 2019,96.45,97.55,94.9,97.53,168652000
Apr 29 2019,97.45,97.82,96.7,96.92,80426000
Apr 30 2019,96.5,96.79,95.35,96.33,70120000
May 01 2019,96.65,97.18,95.53,95.58,62340000
May 02 2019,95.67,96.08,94.09,95.04,79258000
May 03 2019,97.45,98.22,96.8,98.12,127632000
May 06 2019,95.9,97.95,95.53,97.53,108356000
May 07 2019,97.0,97.46,95.17,96.05,118042000
May 08 2019,95.94,96.77,95.5,95.89,81572000
May 09 2019,95.0,95.47,93.8,94.99,106166000
May 10 2019,94.9,95.19,92.8,94.5,114360000
May 13 2019,91.83,92.33,90.9,91.13,115668000
May 14 2019,91.97,92.62,90.79,92.01,92582000
May 15 2019,91.4,93.72,91.15,93.56,93852000
May 16 2019,94.3,95.88,94.11,95.38,94156000
May 17 2019,94.65,95.53,93.37,93.45,94732000
May 20 2019,92.63,93.39,91.78,92.95,75964000
May 21 2019,93.74,93.95,92.3,92.88,80102000
May 22 2019,92.59,93.57,92.55,92.98,58732000
May 23 2019,91.83,92.2,90.21,90.77,88486000
May 24 2019,91.79,92.09,90.89,91.16,67394000
May 28 2019,91.64,92.46,91.37,91.82,64000000
May 29 2019,91.16,91.5,90.38,90.96,85580000
May 30 2019,91.27,91.47,90.39,90.82,62938000
May 31 2019,89.5,89.78,88.64,88.75,92376000
Jun 03 2019,88.0,88.31,83.6,84.63,181974000
Jun 04 2019,84.96,86.54,84.04,86.48,113582000
Jun 05 2019,87.48,87.6,85.76,86.93,84796000
Jun 06 2019,86.89,88.0,86.31,87.72,73786000
Jun 07 2019,88.18,90.31,87.97,90.2,96164000
Jun 10 2019,91.1,94.24,90.9,93.03,107420000
Jun 11 2019,94.16,94.68,92.9,93.18,80854000
Jun 12 2019,92.7,93.25,92.22,92.77,53566000
Jun 13 2019,93.34,94.15,93.11,93.51,55916000
Jun 14 2019,93.2,93.8,92.95,93.48,57024000
Jun 17 2019,93.82,94.78,93.77,94.3,52686000
Jun 18 2019,95.07,96.08,94.99,95.07,77914000
Jun 19 2019,95.39,95.98,94.62,95.44,57906000
Jun 20 2019,96.67,96.76,95.29,95.91,64344000
Jun 21 2019,95.81,96.3,95.38,95.57,78672000
Jun 24 2019,95.63,95.84,95.07,95.69,45660000
Jun 25 2019,95.59,95.82,93.62,93.91,60246000
Jun 26 2019,94.62,95.19,94.37,94.89,48838000
Jun 27 2019,95.1,95.56,94.9,95.21,42834000
Jun 28 2019,95.46,95.65,94.2,94.68,60748000
Jul 01 2019,96.15,96.49,95.73,96.11,63842000
Jul 02 2019,95.97,96.74,95.33,96.72,52918000
Jul 03 2019,96.79,97.08,96.53,96.95,33806000
Jul 05 2019,96.43,97.29,96.26,97.15,52568000
Jul 08 2019,96.71,97.8,96.41,97.62,57668000
Jul 09 2019,97.39,99.5,97.17,99.42,86914000
Jul 10 2019,99.83,101.25,99.77,100.87,98638000
Jul 11 2019,101.28,101.79,99.76,100.05,86356000
Jul 12 2019,100.41,100.85,100.19,100.55,50186000
Jul 15 2019,101.07,101.14,100.08,101.05,59626000
Jul 16 2019,100.53,101.32,100.06,100.5,52364000
Jul 17 2019,100.35,100.6,99.6,99.6,51176000
Jul 18 2019,99.0,99.38,97.58,98.89,69738000
Jul 19 2019,99.56,99.8,98.11,98.23,63712000
Jul 22 2019,98.56,99.45,97.91,99.28,58000000
Jul 23 2019,99.8,99.89,98.66,99.72,54070000
Jul 24 2019,98.46,100.07,98.29,100.04,52626000
Jul 25 2019,100.05,100.06,98.64,98.69,82730000
Jul 26 2019,97.1,97.54,96.23,97.15,98542000
Jul 29 2019,96.5,96.61,94.53,95.62,89864000
Jul 30 2019,94.56,95.49,94.17,94.93,58218000
Jul 31 2019,94.91,94.98,92.47,93.34,89414000
Aug 01 2019,93.59,94.9,92.2,92.77,94266000
Aug 02 2019,92.25,92.32,90.4,91.16,99124000
Aug 05 2019,88.51,89.43,87.44,88.26,121164000
Aug 06 2019,89.61,89.69,87.67,89.39,101406000
Aug 07 2019,88.7,89.95,87.85,89.67,90538000
Aug 08 2019,90.3,91.71,89.91,91.64,74024000
Aug 09 2019,91.45,91.55,90.11,90.38,57596000
Aug 12 2019,89.8,90.05,88.85,89.25,58110000
Aug 13 2019,89.15,91.59,89.0,91.22,79880000
Aug 14 2019,89.65,89.78,87.86,88.15,97872000
Aug 15 2019,89.1,89.4,88.1,88.81,75182000
Aug 16 2019,89.64,90.15,89.23,89.63,60360000
Aug 19 2019,90.9,91.3,90.63,90.81,56326000
Aug 20 2019,90.72,90.84,89.99,90.07,38590000
Aug 21 2019,90.97,91.48,90.75,91.18,40636000
Aug 22 2019,91.4,91.47,90.0,90.23,53070000
Aug 23 2019,89.65,90.25,87.26,87.48,105416000
Aug 26 2019,88.35,88.5,87.18,88.44,61600000
Aug 27 2019,88.79,88.97,87.33,88.09,60394000
Aug 28 2019,87.75,88.39,87.2,88.21,48394000
Aug 29 2019,89.15,89.93,88.86,89.32,60302000
Aug 30 2019,89.87,89.99,88.23,88.81,61174000
Sep 03 2019,88.5,90.04,88.4,89.49,70860000
Sep 04 2019,90.25,90.38,89.81,90.03,46482000
Sep 05 2019,91.1,92.1,90.78,92.04,66216000
Sep 06 2019,91.91,92.03,91.32,91.68,49938000
Sep 09 2019,92.05,92.5,91.23,91.57,59990000
Sep 10 2019,91.14,91.29,90.27,91.03,52278000
Sep 11 2019,90.61,91.67,90.45,91.15,48656000
Sep 12 2019,91.88,92.68,91.71,92.18,56470000
Sep 13 2019,92.1,92.31,91.76,91.97,39426000
Sep 16 2019,91.2,91.28,90.01,90.39,73510000
Sep 17 2019,90.35,91.2,90.21,91.13,39648000
Sep 18 2019,90.85,91.1,89.78,90.87,50112000
Sep 19 2019,91.05,91.63,90.89,91.07,40630000
Sep 20 2019,91.09,91.53,89.05,89.71,106838000
Sep 23 2019,88.85,89.64,88.37,89.26,58446000
Sep 24 2019,89.53,89.79,86.78,87.08,92320000
Sep 25 2019,87.37,88.65,86.15,88.42,69864000
Sep 26 2019,88.14,88.17,86.57,86.99,70736000
Sep 27 2019,87.4,87.46,85.69,86.27,78144000
Sep 30 2019,86.35,86.87,85.46,86.8,52894000
Oct 01 2019,87.3,87.78,86.42,86.78,61690000
Oct 02 2019,86.39,86.44,85.25,85.66,66022000
Oct 03 2019,85.65,86.25,84.25,86.22,69364000
Oct 04 2019,86.3,87.03,85.96,86.98,49438000
Oct 07 2019,86.58,87.39,86.18,86.63,43094000
Oct 08 2019,86.12,86.35,85.25,85.28,50840000
Oct 09 2019,85.98,86.5,85.72,86.1,40870000
Oct 10 2019,86.26,86.91,85.69,86.01,51504000
Oct 11 2019,87.15,87.27,86.49,86.6,65100000
Oct 14 2019,86.45,87.09,86.1,86.82,38204000
Oct 15 2019,87.11,88.82,87.03,88.37,62234000
Oct 16 2019,88.67,89.31,88.53,88.87,55268000
Oct 17 2019,89.82,89.94,89.1,89.37,52948000
Oct 18 2019,89.39,89.7,87.46,87.88,67250000
Oct 21 2019,88.48,89.29,88.25,89.28,42608000
Oct 22 2019,89.41,89.49,88.1,88.29,42234000
Oct 23 2019,88.07,88.5,87.1,88.11,42764000
Oct 24 2019,88.55,89.42,88.01,89.04,88922000
Oct 25 2019,84.88,88.21,84.75,88.07,192528000
Oct 28 2019,87.4,88.93,87.13,88.85,74178000
Oct 29 2019,88.74,88.85,87.79,88.14,45538000
Oct 30 2019,88.01,89.12,87.96,89.0,48988000
Oct 31 2019,88.8,89.6,88.57,88.83,55624000
Nov 01 2019,89.4,89.87,89.26,89.57,55808000
Nov 04 2019,90.05,90.75,90.05,90.23,55438000
Nov 05 2019,90.46,90.51,89.7,90.09,37710000
Nov 06 2019,90.05,90.13,89.43,89.79,40596000
Nov 07 2019,90.19,90.29,89.17,89.41,53022000
Nov 08 2019,89.39,89.49,88.7,89.29,42466000
Nov 11 2019,88.9,89.0,88.36,88.58,38920000
Nov 12 2019,88.73,89.31,88.6,88.9,40752000
Nov 13 2019,88.67,88.75,87.37,87.66,59790000
Nov 14 2019,87.57,88.33,87.48,87.73,45296000
Nov 15 2019,88.0,88.08,86.64,86.97,78552000
Nov 18 2019,86.92,87.68,86.14,87.63,56790000
Nov 19 2019,87.85,88.03,87.15,87.64,45416000
Nov 20 2019,87.46,88.13,86.71,87.28,55800000
Nov 21 2019,87.15,87.34,86.52,86.74,53258000
Nov 22 2019,86.95,87.32,86.55,87.29,49582000
Nov 25 2019,87.66,88.87,87.66,88.69,69724000
Nov 26 2019,89.0,89.85,88.92,89.85,63624000
Nov 27 2019,90.05,91.22,89.87,90.93,60512000
Nov 29 2019,90.89,91.23,90.04,90.04,38468000
Dec 02 2019,90.22,90.28,88.13,89.08,78512000
Dec 03 2019,88.0,88.64,87.36,88.5,67618000
Dec 04 2019,88.7,89.45,88.01,88.03,53402000
Dec 05 2019,88.18,88.18,87.0,87.02,56476000
Dec 06 2019,87.56,87.72,87.01,87.58,62348000
Dec 09 2019,87.53,88.34,87.28,87.48,48856000
Dec 10 2019,87.37,87.53,86.75,86.96,50286000
Dec 11 2019,87.08,87.5,86.79,87.44,41952000
Dec 12 2019,87.5,88.2,87.27,88.02,61918000
Dec 13 2019,88.25,88.45,87.75,88.05,54914000
Dec 16 2019,88.35,88.47,87.85,88.46,62904000
Dec 17 2019,88.9,89.6,88.87,89.53,72888000
Dec 18 2019,89.75,89.91,89.12,89.2,67028000
Dec 19 2019,89.03,89.65,88.7,89.61,53056000
Dec 20 2019,89.98,90.15,89.12,89.32,103016000
Dec 23 2019,89.41,89.65,89.23,89.65,42728000
Dec 24 2019,89.69,89.78,89.38,89.46,17626000
Dec 26 2019,90.05,93.52,89.97,93.44,120108000
Dec 27 2019,94.15,95.07,93.3,93.49,123732000
Dec 30 2019,93.7,94.2,92.03,92.34,73494000
Dec 31 2019,92.1,92.66,91.61,92.39,50130000
Jan 02 2020,93.75,94.9,93.21,94.9,80580000
Jan 03 2020,93.22,94.31,93.22,93.75,75288000
Jan 06 2020,93.0,95.18,93.0,95.14,81236000
Jan 07 2020,95.22,95.69,94.6,95.34,80898000
Jan 08 2020,94.9,95.55,94.32,94.6,70160000
Jan 09 2020,95.49,95.89,94.79,95.05,63346000
Jan 10 2020,95.27,95.35,94.0,94.16,57074000
Jan 13 2020,94.57,94.9,94.04,94.57,55616000
Jan 14 2020,94.29,94.36,92.93,93.47,68818000
Jan 15 2020,93.61,93.94,92.75,93.1,57932000
Jan 16 2020,94.15,94.28,93.3,93.9,53190000
Jan 17 2020,94.29,94.33,92.86,93.24,79946000
Jan 21 2020,93.25,94.71,93.0,94.6,74156000
Jan 22 2020,94.8,95.13,94.17,94.37,64326000
Jan 23 2020,94.26,94.5,93.64,94.23,49692000
Jan 24 2020,94.57,94.75,92.37,93.08,75324000
Jan 27 2020,91.0,92.05,90.77,91.42,70570000
Jan 28 2020,92.03,92.91,91.5,92.66,56160000
Jan 29 2020,93.2,93.74,92.75,92.9,41760000
Jan 30 2020,92.9,93.64,92.53,93.53,126548000
Jan 31 2020,102.57,102.79,100.11,100.44,311346000
Feb 03 2020,100.53,102.43,100.01,100.21,117834000
Feb 04 2020,101.49,102.99,100.77,102.48,105786000
Feb 05 2020,103.55,103.55,101.6,101.99,87524000
Feb 06 2020,102.05,102.82,101.24,102.51,63660000
Feb 07 2020,102.1,104.93,101.9,103.96,101906000
Feb 10 2020,104.25,106.78,104.25,106.7,101124000
Feb 11 2020,107.54,109.3,106.8,107.54,114920000
Feb 12 2020,108.16,109.01,107.76,108.0,66686000
Feb 13 2020,107.25,108.51,107.1,107.49,60636000
Feb 14 2020,107.78,107.95,106.29,106.74,52124000
Feb 18 2020,106.25,108.3,106.21,107.78,58912000
Feb 19 2020,108.39,109.25,108.06,108.51,51224000
Feb 20 2020,108.65,108.84,106.37,107.65,62626000
Feb 21 2020,107.11,107.23,104.4,104.8,92926000
Feb 24 2020,100.16,101.96,99.4,100.46,130940000
Feb 25 2020,101.32,101.73,97.92,98.64,124382000
Feb 26 2020,98.51,100.73,98.02,98.98,104492000
Feb 27 2020,96.72,98.75,94.14,94.21,162880000
Feb 28 2020,90.73,94.49,90.56,94.19,189620000
Mar 02 2020,95.32,97.73,93.5,97.7,135234000
Mar 03 2020,98.77,99.82,94.4,95.45,150690000
Mar 04 2020,97.33,98.9,96.1,98.79,95458000
Mar 05 2020,96.65,98.04,95.5,96.2,94964000
Mar 06 2020,93.75,95.54,93.47,95.05,105472000
Mar 09 2020,88.69,93.14,88.06,90.03,156264000
Mar 10 2020,93.54,94.71,90.91,94.59,142666000
Mar 11 2020,92.89,93.57,90.07,91.04,112496000
Mar 12 2020,86.1,88.25,83.75,83.83,226924000
Mar 13 2020,87.75,89.32,84.03,89.25,176194000
Mar 16 2020,82.08,87.97,81.3,84.46,178346000
Mar 17 2020,88.77,92.89,84.46,90.39,218342000
Mar 18 2020,87.5,92.08,87.25,91.5,192904000
Mar 19 2020,93.0,97.25,91.63,94.05,207998000
Mar 20 2020,96.32,97.85,91.04,92.3,196358000
Mar 23 2020,91.39,95.97,90.6,95.14,156170000
Mar 24 2020,97.57,97.75,95.02,97.0,142942000
Mar 25 2020,96.03,97.51,94.29,94.29,129582000
Mar 26 2020,95.1,97.82,94.46,97.77,124426000
Mar 27 2020,96.54,96.99,95.0,95.0,107758000
Mar 30 2020,96.14,98.68,95.62,98.2,122522000
Mar 31 2020,98.22,99.65,97.2,97.49,102472000
Apr 01 2020,96.65,97.25,94.65,95.39,82438000
Apr 02 2020,95.08,96.38,94.5,95.94,86720000
Apr 03 2020,95.56,96.32,94.46,95.33,72198000
Apr 06 2020,96.8,99.93,96.5,99.88,115464000
Apr 07 2020,100.86,101.79,99.88,100.58,102280000
Apr 08 2020,101.05,102.2,100.56,102.15,79546000
Apr 09 2020,102.21,102.65,100.88,102.14,92930000
Apr 13 2020,102.0,109.0,101.9,108.44,134334000
Apr 14 2020,110.02,114.6,109.31,114.17,161744000
Apr 15 2020,112.88,116.67,112.25,115.38,137332000
Apr 16 2020,117.3,123.05,116.75,120.41,240764000
Apr 17 2020,118.62,120.0,115.8,118.75,158600000
Apr 20 2020,119.5,122.25,119.3,119.68,115414000
Apr 21 2020,120.83,121.42,113.98,116.41,149534000
Apr 22 2020,118.45,119.7,117.55,118.17,84244000
Apr 23 2020,120.0,121.21,119.1,119.97,101332000
Apr 24 2020,120.85,121.02,119.1,120.51,76498000
Apr 27 2020,122.16,122.24,118.15,118.8,112912000
Apr 28 2020,118.61,118.68,115.3,115.7,105388000
Apr 29 2020,116.5,119.59,115.5,118.64,91832000
Apr 30 2020,120.99,123.75,119.8,123.7,190692000
May 01 2020,116.84,118.12,112.91,114.3,195452000
May 04 2020,112.82,116.35,112.82,115.8,97318000
May 05 2020,117.0,117.55,115.36,115.89,64850000
May 06 2020,116.47,117.87,116.0,117.56,62356000
May 07 2020,118.74,118.8,117.16,118.38,67928000
May 08 2020,118.61,119.36,117.85,118.98,64132000
May 11 2020,118.74,120.98,118.61,120.45,65184000
May 12 2020,120.59,120.95,117.75,117.85,61498000
May 13 2020,118.34,120.39,116.89,118.4,95658000
May 14 2020,118.05,119.57,117.66,119.44,72962000
May 15 2020,118.43,120.55,117.82,120.49,84700000
May 18 2020,120.22,121.65,119.2,121.31,87144000
May 19 2020,121.49,124.25,121.45,122.47,86410000
May 20 2020,123.89,125.0,123.36,124.9,79962000
May 21 2020,125.0,126.27,122.13,122.34,102288000
May 22 2020,122.75,123.49,121.51,121.84,57342000
May 26 2020,122.9,123.1,120.7,121.09,71364000
May 27 2020,120.25,120.68,116.5,120.52,101138000
May 28 2020,119.22,121.85,118.91,120.06,63804000
May 29 2020,120.8,122.12,119.91,122.12,70198000
Jun 01 2020,122.4,123.85,122.21,123.55,58578000
Jun 02 2020,123.35,123.68,122.27,123.62,50598000
Jun 03 2020,123.4,124.4,123.06,123.92,53420000
Jun 04 2020,123.87,125.38,122.5,123.03,58974000
Jun 05 2020,122.23,124.43,121.86,124.15,66128000
Jun 08 2020,125.01,126.5,124.37,126.2,79414000
Jun 09 2020,126.47,131.32,126.25,130.04,103520000
Jun 10 2020,132.25,136.12,131.31,132.37,98920000
Jun 11 2020,130.18,133.57,126.81,127.9,116002000
Jun 12 2020,130.06,131.07,125.17,127.25,108722000
Jun 15 2020,126.33,129.2,125.4,128.63,77302000
Jun 16 2020,131.0,131.0,128.8,130.76,71712000
Jun 17 2020,132.38,132.75,131.59,132.05,59186000
Jun 18 2020,132.35,132.98,131.81,132.7,49756000
Jun 19 2020,133.9,134.87,132.95,133.75,115540000
Jun 22 2020,134.23,135.75,133.45,135.69,64176000
Jun 23 2020,136.3,139.16,135.9,138.22,84634000
Jun 24 2020,139.0,139.8,136.05,136.72,90532000
Jun 25 2020,136.98,137.81,135.61,137.73,59374000
Jun 26 2020,138.75,139.13,134.4,134.64,130016000
Jun 29 2020,134.5,134.84,131.5,134.02,84468000
Jun 30 2020,134.25,138.48,133.75,137.94,75394000
Jul 01 2020,137.9,144.75,137.7,143.93,127268000
Jul 02 2020,145.6,147.78,143.55,144.51,131868000
Jul 06 2020,146.75,152.99,146.5,152.85,137612000
Jul 07 2020,152.93,153.48,149.5,150.01,105150000
Jul 08 2020,151.13,154.2,150.62,154.06,100752000
Jul 09 2020,155.8,159.69,153.7,159.13,127774000
Jul 10 2020,159.59,160.75,156.79,160.0,109720000
Jul 13 2020,162.55,167.21,153.42,155.2,154408000
Jul 14 2020,154.45,156.37,147.5,154.2,144638000
Jul 15 2020,154.01,154.92,148.66,150.44,115778000
Jul 16 2020,148.55,151.6,145.91,149.99,127884000
Jul 17 2020,150.45,151.2,147.42,148.1,95226000
Jul 20 2020,150.01,160.07,149.7,159.84,151964000
Jul 21 2020,161.62,162.03,155.29,156.91,122426000
Jul 22 2020,156.25,157.5,153.26,155.0,82084000
Jul 23 2020,154.91,154.91,148.5,149.33,113138000
Jul 24 2020,146.5,151.58,144.4,150.45,112648000
Jul 27 2020,153.1,154.9,150.79,152.76,83410000
Jul 28 2020,152.71,153.85,149.79,150.02,62534000
Jul 29 2020,151.55,151.96,149.84,151.68,59482000
Jul 30 2020,150.7,154.6,150.25,152.59,122566000
Jul 31 2020,162.2,162.34,157.55,158.23,161710000
Aug 03 2020,159.03,159.2,155.2,155.59,101494000
Aug 04 2020,155.06,158.36,155.06,156.94,93886000
Aug 05 2020,157.19,160.68,156.37,160.25,78330000
Aug 06 2020,159.72,162.37,158.27,161.25,78812000
Aug 07 2020,161.2,162.04,157.03,158.37,78722000
Aug 10 2020,158.52,158.63,155.08,157.41,63346000
Aug 11 2020,155.66,157.96,153.65,154.03,74362000
Aug 12 2020,155.4,158.72,155.07,158.11,70442000
Aug 13 2020,159.15,160.88,157.75,158.05,62980000
Aug 14 2020,158.91,158.91,156.0,157.4,55034000
Aug 17 2020,158.66,159.75,157.71,159.12,53824000
Aug 18 2020,160.6,166.0,160.29,165.62,106920000
Aug 19 2020,165.15,165.79,162.8,163.02,83702000
Aug 20 2020,162.6,165.63,161.9,164.87,66650000
Aug 21 2020,164.75,165.72,163.77,164.24,71518000
Aug 24 2020,165.51,169.02,162.88,165.37,93326000
Aug 25 2020,164.75,167.87,163.35,167.32,79856000
Aug 26 2020,167.56,172.59,167.23,172.09,130174000
Aug 27 2020,172.5,172.65,168.9,170.0,85296000
Aug 28 2020,171.15,171.67,169.32,170.09,57940000
Aug 31 2020,170.45,174.75,170.25,172.55,83718000
Sep 01 2020,174.48,175.69,173.35,174.96,68644000
Sep 02 2020,177.35,177.61,174.33,176.57,78630000
Sep 03 2020,174.25,174.42,165.15,168.4,163222000
Sep 04 2020,165.9,169.07,155.56,164.73,175636000
Sep 08 2020,157.2,162.54,156.5,157.49,121884000
Sep 09 2020,160.15,165.16,159.25,163.43,103774000
Sep 10 2020,165.36,167.49,158.53,158.76,106614000
Sep 11 2020,160.43,160.87,154.2,155.81,101880000
Sep 14 2020,158.65,159.37,154.8,155.15,90592000
Sep 15 2020,156.81,158.75,155.45,157.81,80430000
Sep 16 2020,159.0,159.36,153.71,153.9,90244000
Sep 17 2020,150.46,151.47,148.63,150.44,128982000
Sep 18 2020,151.59,151.89,145.28,147.75,177852000
Sep 21 2020,145.32,148.1,143.55,148.02,122358000
Sep 22 2020,151.69,156.7,150.01,156.45,138976000
Sep 23 2020,156.02,156.35,149.62,149.99,113054000
Sep 24 2020,148.89,153.46,148.25,150.99,110588000
Sep 25 2020,152.74,155.08,149.95,154.76,92304000
Sep 28 2020,157.44,158.75,155.86,158.7,84484000
Sep 29 2020,158.77,159.41,156.63,157.24,69916000
Sep 30 2020,157.06,160.64,156.7,157.44,97922000
Oct 01 2020,160.4,161.2,158.6,161.06,99438000
Oct 02 2020,157.68,159.79,156.15,156.25,112262000
Oct 05 2020,157.29,160.13,157.04,159.96,75506000
Oct 06 2020,158.25,159.1,154.5,155.0,101738000
Oct 07 2020,156.75,160.0,156.62,159.78,86188000
Oct 08 2020,161.25,161.66,158.75,159.53,63482000
Oct 09 2020,160.5,164.45,159.89,164.33,98158000
Oct 12 2020,167.5,174.81,166.98,172.15,167284000
Oct 13 2020,173.4,174.62,171.21,172.18,114894000
Oct 14 2020,172.35,173.24,167.0,168.19,116254000
Oct 15 2020,164.6,167.79,164.0,166.93,104468000
Oct 16 2020,168.16,169.98,158.0,163.64,129488000
Oct 19 2020,164.98,166.45,159.64,160.36,104472000
Oct 20 2020,161.11,163.3,159.6,160.85,90194000
Oct 21 2020,160.63,161.69,158.0,159.25,91854000
Oct 22 2020,159.49,159.94,156.1,158.82,84240000
Oct 23 2020,159.55,160.27,157.0,160.22,69334000
Oct 26 2020,159.94,164.15,157.66,160.35,118024000
Oct 27 2020,161.25,164.58,160.57,164.32,85820000
Oct 28 2020,162.46,163.2,158.12,158.14,111766000
Oct 29 2020,160.06,162.86,158.2,160.55,131930000
Oct 30 2020,157.89,158.35,150.95,151.81,167728000
Nov 02 2020,153.09,153.99,147.51,150.22,145148000
Nov 03 2020,150.93,153.74,149.05,152.42,97958000
Nov 04 2020,158.0,162.24,156.99,162.06,136780000
Nov 05 2020,166.0,168.34,164.44,166.1,115786000
Nov 06 2020,165.23,166.1,161.6,165.57,92946000
Nov 09 2020,161.55,164.45,155.61,157.19,143808000
Nov 10 2020,154.75,155.7,150.97,151.75,131820000
Nov 11 2020,153.09,156.96,152.5,156.87,87338000
Nov 12 2020,158.0,158.79,154.3,155.51,87240000
Nov 13 2020,156.1,157.09,154.27,156.44,75124000
Nov 16 2020,154.66,157.13,153.63,156.55,76174000
Nov 17 2020,159.18,159.46,156.76,156.78,68894000
Nov 18 2020,156.7,157.0,155.26,155.27,58336000
Nov 19 2020,155.27,156.25,154.05,155.85,60206000
Nov 20 2020,155.85,156.64,154.9,154.97,67488000
Nov 23 2020,155.84,156.99,153.27,154.92,94178000
Nov 24 2020,155.02,156.71,154.31,155.9,72042000
Nov 25 2020,157.09,159.9,157.01,159.25,75808000
Nov 27 2020,160.56,160.81,159.5,159.77,47858000
Nov 30 2020,160.42,161.42,156.28,158.4,81278000
Dec 01 2020,159.43,162.45,157.86,161.0,90740000
Dec 02 2020,161.08,161.6,158.66,160.18,62586000
Dec 03 2020,160.27,161.43,159.07,159.34,57840000
Dec 04 2020,159.91,159.91,157.94,158.13,58272000
Dec 07 2020,157.82,159.04,157.08,157.9,55026000
Dec 08 2020,157.95,159.21,156.0,158.86,65726000
Dec 09 2020,158.39,158.72,154.4,155.21,82016000
Dec 10 2020,154.45,157.1,153.8,155.07,60604000
Dec 11 2020,154.83,155.93,153.64,155.82,61294000
Dec 14 2020,157.15,159.52,156.3,157.85,83116000
Dec 15 2020,159.05,159.43,156.52,158.26,66390000
Dec 16 2020,158.8,162.35,158.18,162.05,88552000
Dec 17 2020,162.5,163.18,161.05,161.8,69486000
Dec 18 2020,162.2,162.47,158.58,160.08,119914000
Dec 21 2020,160.0,161.35,158.3,160.31,76736000
Dec 22 2020,160.14,161.1,159.0,160.33,47388000
Dec 23 2020,160.25,160.51,159.21,159.26,41876000
Dec 24 2020,159.7,160.1,158.45,158.63,29038000
Dec 28 2020,159.7,165.2,158.63,164.2,113736000
Dec 29 2020,165.5,167.53,164.06,166.1,97458000
Dec 30 2020,167.05,167.1,164.12,164.29,64186000
Dec 31 2020,163.75,164.15,162.06,162.85,59144000
Jan 04 2021,163.5,163.6,157.2,159.33,88228000
Jan 05 2021,158.3,161.17,158.25,160.93,53110000
Jan 06 2021,157.32,159.88,156.56,156.92,87896000
Jan 07 2021,157.85,160.43,157.75,158.11,70290000
Jan 08 2021,159.0,159.53,157.11,159.13,70754000
Jan 11 2021,157.4,157.82,155.5,155.71,73668000
Jan 12 2021,156.0,157.11,154.3,156.04,70292000
Jan 13 2021,156.42,159.5,156.1,158.29,66424000
Jan 14 2021,158.38,158.9,156.03,156.37,61418000
Jan 15 2021,156.15,157.13,154.76,155.21,84880000
Jan 19 2021,155.35,157.25,154.8,156.04,66102000
Jan 20 2021,159.1,163.99,158.75,163.17,106196000
Jan 21 2021,164.65,167.43,164.48,165.35,98722000
Jan 22 2021,165.22,166.1,164.16,164.61,56438000
Jan 25 2021,166.43,168.19,162.16,164.7,74996000
Jan 26 2021,164.82,166.9,164.14,166.31,59104000
Jan 27 2021,167.07,167.33,160.35,161.63,93204000
Jan 28 2021,161.75,165.08,161.43,161.88,62984000
Jan 29 2021,161.5,161.85,159.23,160.31,85872000
Feb 01 2021,162.12,167.51,161.75,167.14,83204000
Feb 02 2021,169.0,171.39,168.06,169.0,141972000
Feb 03 2021,171.25,171.7,165.43,165.63,141776000
Feb 04 2021,166.5,167.35,163.89,166.55,73414000
Feb 05 2021,165.95,168.85,165.14,167.61,72416000
Feb 08 2021,167.93,168.25,165.2,166.15,65148000
Feb 09 2021,165.62,166.9,164.89,165.25,44070000
Feb 10 2021,165.7,165.9,162.7,164.33,63032000
Feb 11 2021,164.6,164.6,162.4,163.11,46028000
Feb 12 2021,162.5,164.01,161.67,163.89,46706000
Feb 16 2021,162.7,165.41,162.68,163.45,51494000
Feb 17 2021,163.18,166.05,162.98,165.43,65950000
Feb 18 2021,164.12,166.9,163.7,166.41,60548000
Feb 19 2021,166.41,166.68,162.29,162.49,86104000
Feb 22 2021,160.41,161.62,158.61,159.04,70314000
Feb 23 2021,156.35,160.24,154.68,159.73,93544000
Feb 24 2021,158.34,158.56,156.27,157.98,60226000
Feb 25 2021,156.84,158.91,152.39,152.86,90676000
Feb 26 2021,154.76,156.12,151.84,154.65,85518000
Mar 01 2021,156.39,157.48,154.9,157.31,54582000
Mar 02 2021,157.17,158.18,154.36,154.73,51916000
Mar 03 2021,154.06,155.39,149.75,150.25,79774000
Mar 04 2021,150.6,152.91,147.27,148.88,109632000
Mar 05 2021,150.25,150.45,144.05,150.02,107772000
Mar 08 2021,150.75,153.23,147.57,147.6,83700000
Mar 09 2021,150.9,154.55,150.26,153.14,80600000
Mar 10 2021,154.92,155.82,151.5,152.88,60250000
Mar 11 2021,155.2,156.59,154.15,155.68,55528000
Mar 12 2021,153.75,154.95,152.27,154.47,48438000
Mar 15 2021,153.73,154.11,151.6,154.08,58272000
Mar 16 2021,155.25,156.45,153.79,154.59,50776000
Mar 17 2021,153.66,158.65,153.51,156.79,62372000
Mar 18 2021,155.05,155.83,151.25,151.4,72992000
Mar 19 2021,151.46,153.86,150.83,153.75,92508000
Mar 22 2021,153.39,156.33,153.0,155.54,58044000
Mar 23 2021,156.35,159.1,156.04,156.88,76346000
Mar 24 2021,157.55,158.02,154.26,154.35,59180000
Mar 25 2021,153.65,155.49,151.86,152.31,71270000
Mar 26 2021,152.2,152.83,149.8,152.6,66258000
Mar 29 2021,152.77,154.56,151.42,153.79,54920000
Mar 30 2021,153.5,153.65,151.7,152.76,46752000
Mar 31 2021,153.2,155.97,153.13,154.7,61878000
Apr 01 2021,155.9,158.12,155.78,158.05,58806000
Apr 05 2021,158.65,161.8,158.06,161.34,66698000
Apr 06 2021,161.19,162.37,160.85,161.19,50756000
Apr 07 2021,161.69,165.18,161.18,163.97,66924000
Apr 08 2021,165.54,166.23,164.6,164.96,56242000
Apr 09 2021,165.24,168.61,164.45,168.61,86830000
Apr 12 2021,167.76,169.75,167.56,168.97,65636000
Apr 13 2021,170.04,171.6,169.78,170.0,66316000
Apr 14 2021,170.2,170.21,166.3,166.65,62904000
Apr 15 2021,168.55,169.85,167.6,168.95,64672000
Apr 16 2021,169.0,170.34,167.78,169.97,63720000
Apr 19 2021,169.52,171.8,168.01,168.6,54508000
Apr 20 2021,168.68,169.15,165.8,166.73,52460000
Apr 21 2021,165.8,168.14,165.19,168.1,44224000
Apr 22 2021,168.58,168.64,165.07,165.45,51612000
Apr 23 2021,165.96,168.75,165.43,167.04,63856000
Apr 26 2021,167.4,171.42,166.55,170.45,97614000
Apr 27 2021,172.17,173.0,169.9,170.87,76542000
Apr 28 2021,171.74,174.49,171.25,172.93,92638000
Apr 29 2021,175.26,175.72,171.75,173.57,153648000
Apr 30 2021,176.26,177.7,173.13,173.37,140186000
May 03 2021,174.24,174.33,168.63,169.32,117510000
May 04 2021,167.81,168.4,163.61,165.59,108788000
May 05 2021,166.94,167.74,163.22,163.53,74226000
May 06 2021,163.5,165.72,162.36,165.32,88954000
May 07 2021,165.95,166.54,164.45,164.58,94206000
May 10 2021,164.12,164.15,159.5,159.52,116772000
May 11 2021,156.81,161.9,156.37,161.2,92396000
May 12 2021,159.25,160.4,156.65,157.6,98728000
May 13 2021,159.27,160.19,156.65,158.07,67018000
May 14 2021,159.28,161.44,159.15,161.15,66500000
May 17 2021,162.3,164.64,161.73,163.52,74478000
May 18 2021,164.63,165.6,161.52,161.61,56568000
May 19 2021,159.75,161.74,159.2,161.59,53594000
May 20 2021,162.22,162.98,161.81,162.38,52664000
May 21 2021,162.5,162.83,159.85,160.15,82098000
May 24 2021,160.77,162.9,160.52,162.25,48456000
May 25 2021,163.33,163.99,160.69,162.95,65222000
May 26 2021,163.73,164.79,162.93,163.26,47680000
May 27 2021,162.8,163.02,161.5,161.51,51224000
May 28 2021,162.1,162.4,160.99,161.15,46596000
Jun 01 2021,162.18,162.55,160.45,160.93,48600000
Jun 02 2021,161.15,161.75,160.4,161.7,40290000
Jun 03 2021,160.21,160.72,159.2,159.35,47966000
Jun 04 2021,160.6,161.05,159.94,160.31,44994000
Jun 07 2021,159.87,160.4,158.61,159.9,44316000
Jun 08 2021,161.13,163.98,160.9,163.21,68334000
Jun 09 2021,163.64,164.88,163.54,164.06,49110000
Jun 10 2021,164.1,167.55,164.06,167.48,69530000
Jun 11 2021,167.48,168.33,166.67,167.34,56348000
Jun 14 2021,167.34,169.25,166.77,169.19,51394000
Jun 15 2021,169.2,169.85,168.16,169.16,48524000
Jun 16 2021,169.6,171.32,168.03,170.76,84056000
Jun 17 2021,170.16,174.86,170.05,174.46,102730000
Jun 18 2021,174.0,175.35,173.69,174.35,104954000
Jun 21 2021,173.82,174.1,171.7,172.7,65542000
Jun 22 2021,172.9,176.19,172.8,175.27,66902000
Jun 23 2021,175.25,176.05,174.16,175.19,56266000
Jun 24 2021,175.38,176.24,171.54,172.45,76640000
Jun 25 2021,173.2,173.24,169.71,170.07,78820000
Jun 28 2021,170.8,172.4,170.68,172.19,44856000
Jun 29 2021,171.94,172.8,171.15,172.41,41968000
Jun 30 2021,172.05,173.58,171.75,172.01,48080000
Jul 01 2021,171.73,172.85,170.47,171.65,40742000
Jul 02 2021,172.58,175.59,171.85,175.55,63388000
Jul 06 2021,176.51,184.27,176.45,183.79,134896000
Jul 07 2021,185.87,186.71,183.95,184.83,106562000
Jul 08 2021,182.18,188.0,181.06,186.57,103612000
Jul 09 2021,186.13,187.4,184.67,185.97,74964000
Jul 12 2021,187.2,187.86,184.84,185.93,51432000
Jul 13 2021,185.1,188.65,183.57,183.87,76918000
Jul 14 2021,185.44,185.88,183.04,184.08,65932000
Jul 15 2021,184.71,184.77,181.05,181.56,63706000
Jul 16 2021,181.67,182.3,178.52,178.68,80874000
Jul 19 2021,176.63,177.51,174.96,177.48,75692000
Jul 20 2021,178.37,179.6,175.9,178.66,65114000
Jul 21 2021,178.82,179.32,177.18,179.26,46380000
Jul 22 2021,179.36,182.0,179.11,181.9,65308000
Jul 23 2021,182.0,183.31,181.1,182.83,48726000
Jul 26 2021,183.66,185.6,182.36,184.99,58002000
Jul 27 2021,184.93,184.93,179.31,181.32,82638000
Jul 28 2021,181.69,182.92,180.05,181.52,59988000
Jul 29 2021,181.39,181.9,179.0,180.0,110400000
Jul 30 2021,167.4,168.41,165.35,166.38,199312000
Aug 02 2021,167.65,167.95,165.85,166.57,67078000
Aug 03 2021,167.04,169.55,164.99,168.31,83146000
Aug 04 2021,168.97,169.44,167.28,167.74,43678000
Aug 05 2021,167.81,169.45,167.05,168.8,48670000
Aug 06 2021,168.75,168.75,166.45,167.25,52752000
Aug 09 2021,167.18,167.74,166.43,167.09,42964000
Aug 10 2021,167.25,167.9,165.75,166.03,48252000
Aug 11 2021,166.57,166.88,163.89,164.61,58944000
Aug 12 2021,164.5,165.73,163.48,165.18,46282000
Aug 13 2021,165.28,165.3,164.15,164.7,41134000
Aug 16 2021,164.15,165.0,160.56,164.95,66394000
Aug 17 2021,163.88,164.02,161.28,162.1,67758000
Aug 18 2021,162.1,162.71,160.0,160.06,56086000
Aug 19 2021,159.7,161.65,159.12,159.39,75658000
Aug 20 2021,160.19,160.39,158.79,160.0,67168000
Aug 23 2021,160.6,164.04,160.5,163.29,65362000
Aug 24 2021,164.0,165.77,163.73,165.29,51036000
Aug 25 2021,165.49,166.05,164.31,164.96,33606000
Aug 26 2021,164.95,166.6,164.8,165.8,41976000
Aug 27 2021,166.66,167.62,165.69,167.48,48048000
Aug 30 2021,167.87,172.25,167.76,171.08,63844000
Aug 31 2021,171.24,173.63,169.78,173.54,87128000
Sep 01 2021,174.82,176.35,173.76,173.95,72598000
Sep 02 2021,174.74,175.6,172.75,173.16,58474000
Sep 03 2021,172.6,174.13,171.82,173.9,51514000
Sep 07 2021,173.9,176.4,173.85,175.46,54758000
Sep 08 2021,175.58,177.28,174.78,176.27,61068000
Sep 09 2021,176.3,177.5,174.02,174.21,54384000
Sep 10 2021,175.09,175.42,173.15,173.46,47946000
Sep 13 2021,174.14,174.9,171.9,172.86,51380000
Sep 14 2021,173.78,174.34,171.89,172.5,38738000
Sep 15 2021,172.13,174.27,170.1,173.79,59150000
Sep 16 2021,173.0,174.63,172.31,174.41,51672000
Sep 17 2021,174.42,174.87,172.61,173.13,92332000
Sep 20 2021,169.8,170.95,165.25,167.79,93382000
Sep 21 2021,168.75,168.99,166.62,167.18,55618000
Sep 22 2021,167.55,169.45,167.05,169.0,48228000
Sep 23 2021,169.0,171.45,169.0,170.8,47588000
Sep 24 2021,170.1,171.46,169.67,171.28,42324000
Sep 27 2021,168.57,170.78,166.98,170.29,72690000
Sep 28 2021,167.89,168.46,164.51,165.8,88616000
Sep 29 2021,166.11,167.57,164.89,165.06,51246000
Sep 30 2021,165.8,166.39,163.7,164.25,56848000
Oct 01 2021,164.45,165.46,162.8,164.16,56712000
Oct 04 2021,163.97,164.0,158.81,159.49,90462000
Oct 05 2021,160.23,163.04,160.12,161.05,65384000
Oct 06 2021,160.68,163.22,159.93,163.1,50660000
Oct 07 2021,164.58,166.29,164.15,165.12,48182000
Oct 08 2021,165.85,166.07,164.41,164.43,39964000
Oct 11 2021,163.75,164.63,161.9,162.32,40684000
Oct 12 2021,162.85,163.38,161.81,162.37,36392000
Oct 13 2021,163.49,164.42,163.05,164.21,48402000
Oct 14 2021,165.12,165.63,164.54,164.99,42190000
Oct 15 2021,165.57,170.52,165.2,170.45,103598000
Oct 18 2021,169.42,172.46,169.26,172.34,63482000
Oct 19 2021,171.71,172.73,171.1,172.21,47722000
Oct 20 2021,172.63,173.14,170.02,170.75,42796000
Oct 21 2021,170.71,172.01,170.15,171.75,37628000
Oct 22 2021,171.05,171.49,166.57,166.78,62782000
Oct 25 2021,166.75,167.39,164.88,166.02,44520000
Oct 26 2021,167.48,170.81,167.2,168.8,53966000
Oct 27 2021,169.4,171.85,168.57,169.62,54044000
Oct 28 2021,170.1,173.95,169.3,172.33,114174000
Oct 29 2021,165.0,168.74,163.67,168.62,129722000
Nov 01 2021,168.09,168.79,164.6,165.91,72178000
Nov 02 2021,165.75,166.56,164.18,165.64,52552000
Nov 03 2021,165.45,169.75,164.88,169.2,67944000
Nov 04 2021,168.5,174.93,168.25,173.85,107060000
Nov 05 2021,173.85,178.31,173.85,175.95,99940000
Nov 08 2021,176.16,178.95,174.39,174.45,61480000
Nov 09 2021,175.76,179.69,175.07,178.81,85898000
Nov 10 2021,178.19,180.27,173.15,174.1,80548000
Nov 11 2021,175.65,177.16,173.37,173.63,45288000
Nov 12 2021,174.25,177.04,172.35,176.26,53788000
Nov 15 2021,176.85,179.69,176.29,177.28,58594000
Nov 16 2021,176.95,178.82,176.26,177.04,44342000
Nov 17 2021,178.24,179.36,177.27,177.45,51206000
Nov 18 2021,178.32,185.21,178.05,184.8,114070000
Nov 19 2021,185.63,188.11,183.79,183.83,98734000
Nov 22 2021,183.82,185.67,178.38,178.63,96844000
Nov 23 2021,179.25,181.05,176.39,179.0,73804000
Nov 24 2021,178.13,180.68,176.84,179.02,46560000
Nov 26 2021,180.1,181.68,175.21,175.23,59826000
Nov 29 2021,177.38,179.8,176.57,178.08,65312000
Nov 30 2021,178.18,179.29,174.6,175.35,80022000
Dec 01 2021,177.25,177.99,172.08,172.19,74916000
Dec 02 2021,173.0,174.63,171.19,171.87,64726000
Dec 03 2021,172.75,173.49,166.93,169.49,80712000
Dec 06 2021,169.65,173.7,166.93,171.37,68860000
Dec 07 2021,174.6,177.5,173.33,176.16,66410000
Dec 08 2021,176.15,177.18,174.75,176.16,45254000
Dec 09 2021,175.75,176.97,174.14,174.17,46062000
Dec 10 2021,175.42,175.93,170.5,172.21,60690000
Dec 13 2021,172.0,172.1,169.13,169.57,62170000
Dec 14 2021,167.55,169.5,166.44,169.09,55976000
Dec 15 2021,168.6,173.6,165.2,173.32,75794000
Dec 16 2021,173.37,174.17,168.16,168.87,60876000
Dec 17 2021,167.71,170.9,165.61,170.02,85542000
Dec 20 2021,166.85,167.87,165.6,167.08,57372000
Dec 21 2021,167.85,170.72,165.65,170.42,55956000
Dec 22 2021,169.27,172.05,168.5,171.04,55036000
Dec 23 2021,170.43,171.98,170.15,171.07,36788000
Dec 27 2021,171.04,172.94,169.22,169.67,58688000
Dec 28 2021,170.18,172.18,169.14,170.66,54638000
Dec 29 2021,170.84,171.21,168.6,169.2,35754000
Dec 30 2021,169.7,170.89,168.52,168.64,37584000
Dec 31 2021,168.96,169.35,166.56,166.72,47830000
Jan 03 2022,167.55,170.7,166.16,170.4,63520000
Jan 04 2022,170.44,171.4,166.35,167.52,70726000
Jan 05 2022,166.88,167.13,164.36,164.36,64302000
Jan 06 2022,163.45,164.8,161.94,163.25,51958000
Jan 07 2022,163.84,165.24,162.03,162.55,46606000
Jan 10 2022,160.59,161.66,156.3,161.49,87798000
Jan 11 2022,161.5,166.35,160.7,165.36,62806000
Jan 12 2022,166.57,166.88,164.42,165.21,50030000
Jan 13 2022,165.25,166.22,161.09,161.21,52188000
Jan 14 2022,160.15,162.25,159.8,162.14,45974000
Jan 18 2022,159.1,159.73,157.66,158.92,67292000
Jan 19 2022,158.76,159.25,156.25,156.3,53242000
Jan 20 2022,156.77,158.0,151.35,151.67,71974000
Jan 21 2022,149.95,150.9,142.07,142.64,163972000
Jan 24 2022,139.0,144.95,135.35,144.54,155624000
Jan 25 2022,142.24,143.6,138.15,139.99,90824000
Jan 26 2022,144.75,145.18,137.32,138.87,95602000
Jan 27 2022,140.8,144.24,139.35,139.64,77516000
Jan 28 2022,140.86,144.0,137.93,143.98,74392000
Jan 31 2022,144.75,150.36,144.3,149.57,78308000
Feb 01 2022,150.0,151.71,147.63,151.19,59220000
Feb 02 2022,155.05,155.07,148.86,150.61,87330000
Feb 03 2022,141.74,144.25,138.33,138.85,225532000
Feb 04 2022,155.61,161.2,150.61,157.64,253456000
Feb 07 2022,158.52,162.69,157.25,157.94,102624000
Feb 08 2022,156.75,161.79,155.55,161.41,76040000
Feb 09 2022,162.87,163.83,160.25,161.19,68786000
Feb 10 2022,158.35,160.72,157.75,159.0,68268000
Feb 11 2022,158.13,159.0,152.73,153.29,77100000
Feb 14 2022,151.75,158.45,151.65,155.17,83230000
Feb 15 2022,157.61,158.01,154.64,156.51,56440000
Feb 16 2022,155.79,158.83,154.73,158.1,52704000
Feb 17 2022,158.15,160.35,154.5,154.65,64032000
Feb 18 2022,155.5,155.5,150.89,152.6,63604000
Feb 22 2022,150.48,152.98,148.49,150.2,66128000
Feb 23 2022,151.65,151.76,144.65,144.83,64244000
Feb 24 2022,139.84,151.75,139.5,151.36,100786000
Feb 25 2022,150.55,153.99,149.21,153.79,62396000
Feb 28 2022,152.43,154.45,150.85,153.56,57684000
Mar 01 2022,152.73,154.1,149.98,151.14,44874000
Mar 02 2022,150.85,153.0,148.75,152.05,47334000
Mar 03 2022,153.53,153.93,146.86,147.9,65198000
Mar 04 2022,147.16,147.85,143.81,145.64,60934000
Mar 07 2022,145.44,146.09,137.42,137.45,86934000
Mar 08 2022,136.68,140.7,133.57,136.01,91662000
Mar 09 2022,139.5,140.25,136.83,139.28,82656000
Mar 10 2022,145.68,148.67,143.98,146.82,135062000
Mar 11 2022,149.57,149.68,145.37,145.52,68900000
Mar 14 2022,145.98,147.45,140.88,141.85,74086000
Mar 15 2022,142.85,147.99,142.0,147.37,75584000
Mar 16 2022,148.5,153.15,147.35,153.1,84958000
Mar 17 2022,152.64,157.5,152.14,157.24,72934000
Mar 18 2022,156.81,161.59,156.01,161.25,102962000
Mar 21 2022,161.12,163.08,159.55,161.49,66538000
Mar 22 2022,161.81,166.17,161.7,164.89,64086000
Mar 23 2022,163.71,166.37,162.69,163.41,55812000
Mar 24 2022,163.75,164.12,160.05,163.65,56798000
Mar 25 2022,164.0,165.37,162.25,164.77,49032000
Mar 28 2022,164.98,169.04,164.9,168.99,59854000
Mar 29 2022,170.38,170.83,167.87,169.32,66154000
Mar 30 2022,168.51,168.95,165.5,166.3,56168000
Mar 31 2022,166.45,166.49,162.95,163.0,59966000
Apr 01 2022,164.15,165.83,162.32,163.56,57090000
Apr 04 2022,164.13,168.39,163.21,168.35,49882000
Apr 05 2022,167.74,168.11,163.27,164.05,53728000
Apr 06 2022,161.65,162.2,157.25,158.76,79056000
Apr 07 2022,158.4,160.08,154.51,157.78,68136000
Apr 08 2022,156.75,157.37,154.23,154.46,46002000
Apr 11 2022,152.71,154.14,150.53,151.12,52112000
Apr 12 2022,153.69,155.1,150.38,150.79,55178000
Apr 13 2022,150.02,156.02,149.6,155.54,53390000
Apr 14 2022,155.39,155.9,151.47,151.71,51598000
Apr 18 2022,151.52,154.04,150.25,152.79,46514000
Apr 19 2022,152.03,158.65,151.55,158.12,54926000
Apr 20 2022,157.6,157.6,153.6,154.0,59630000
Apr 21 2022,154.71,156.74,147.59,148.3,63970000
Apr 22 2022,148.25,149.62,143.7,144.35,73078000
Apr 25 2022,144.02,146.22,142.31,146.07,61874000
Apr 26 2022,144.8,144.86,138.93,139.39,77530000
Apr 27 2022,140.19,141.95,135.78,138.17,71336000
Apr 28 2022,142.18,145.94,140.3,144.6,117316000
Apr 29 2022,129.85,130.76,121.63,124.28,272662000
May 02 2022,122.4,124.67,118.38,124.5,148788000
May 03 2022,124.05,126.22,122.82,124.25,79134000
May 04 2022,123.6,126.0,119.18,125.93,110746000
May 05 2022,123.0,123.5,115.07,116.41,144392000
May 06 2022,114.85,119.05,113.08,114.77,124260000
May 09 2022,111.31,114.0,107.96,108.79,128124000
May 10 2022,111.25,112.64,107.17,108.86,105434000
May 11 2022,108.1,110.16,104.43,105.37,109704000
May 12 2022,102.75,110.78,102.41,106.93,132026000
May 13 2022,109.07,113.18,107.8,113.06,93684000
May 16 2022,113.1,113.99,110.35,110.81,74566000
May 17 2022,113.28,115.8,111.28,115.37,76448000
May 18 2022,111.44,112.85,106.25,107.11,108380000
May 19 2022,106.28,110.03,106.19,107.32,88142000
May 20 2022,109.57,109.9,105.01,107.59,99500000
